時間,じかん
一つ,ひとつ
国,くに
出す,だす
外国,がいこく
大人,おとな
二つ,ふたつ
見える,みえる
出る,でる
,から
小学校,しょうがっこう
後ろ,うしろ
三つ,みっつ
天気,てんき
白い,しろい
,みんな
言う,いう
川,かわ
,ちょっと
男の子,おとこのこ
自分,じぶん
会社,かいしゃ
仕事,しごと
作る,つくる
少し,すこし
口,くち
,いつ
四つ,よっつ
見つかる,みつかる
歌,うた
広い,ひろい
学校,がっこう
大学,だいがく
思う,おもう
,あまり
名前,なまえ
社会,しゃかい
電話,でんわ
お母さん,おかあさん
六,ろく
走る,はしる
言葉,ことば
,この
午後,ごご
音,おと
元気,げんき
売る,うる
見せる,みせる
電車,でんしゃ
毎日,まいにち
研究,けんきゅう
呼ぶ,よぶ
左,ひだり
地図,ちず
大きい,おおきい
お父さん,おとうさん
送る,おくる
少ない,すくない
木,き
一人,ひとり
,どこ
考える,かんがえる
社長,しゃちょう
二人,ふたり
百,ひゃく
,の
外,そと
半分,はんぶん
,に
,は
山,やま
工場,こうじょう
五つ,いつつ
集める,あつめる
近い,ちかい
場所,ばしょ
気,き
女の子,おんなのこ
全部,ぜんぶ
両親,りょうしん
雪,ゆき
予定,よてい
選ぶ,えらぶ
文化,ぶんか
二,に
外国人,がいこくじん
最近,さいきん
自由,じゆう
,おもちゃ
警察,けいさつ
運ぶ,はこぶ
安全,あんぜん
番組,ばんぐみ
例えば,たとえば
五,ご
何,なに
三,さん
,また
聞こえる,きこえる
母,はは
今日,きょう
父,ちち
台風,たいふう
,きれい
小説,しょうせつ
,これ
空港,くうこう
庭,にわ
毎月,まいつき
相手,あいて
出身,しゅっしん
押す,おす
高い,たかい
本,ほん
,アメリカ
午前,ごぜん
時々,ときどき
同じ,おなじ
,ここ
電気,でんき
使う,つかう
経験,けいけん
右,みぎ
,まだ
聞く,きく
金曜日,きんようび
話,はなし
作家,さっか
地震,じしん
重い,おもい
毎年,まいとし
病院,びょういん
昔,むかし
食べる,たべる
南,みなみ
高校,こうこう
頼む,たのむ
小さい,ちいさい
音楽,おんがく
新聞,しんぶん
,こちら
北,きた
月曜日,げつようび
見る,みる
種類,しゅるい
英語,えいご
約束,やくそく
雨,あめ
,どちら
思い出,おもいで
落ちる,おちる
発表,はっぴょう
夕方,ゆうがた
読む,よむ
絵,え
歌手,かしゅ
,なぜ
休み,やすみ
,でも
日記,にっき
,とても
,いくら
違い,ちがい
旅行,りょこう
お金,おかね
長い,ながい
受ける,うける
自転車,じてんしゃ
新しい,あたらしい
探す,さがす
病気,びょうき
冬,ふゆ
入れる,いれる
趣味,しゅみ
世界,せかい
犬,いぬ
七つ,ななつ
違う,ちがう
準備,じゅんび
政府,せいふ
,ページ
,どれ
中学生,ちゅうがくせい
夫婦,ふうふ
七,しち
性格,せいかく
旅館,りょかん
,いくつ
今年,ことし
大切,たいせつ
今月,こんげつ
生まれる,うまれる
手紙,てがみ
心配,しんぱい
左右,さゆう
終わる,おわる
図書館,としょかん
弟,おとうと
実は,じつは
先月,せんげつ
明日,あした
楽,らく
部長,ぶちょう
,コーヒー
,あの
環境,かんきょう
,さん
習慣,しゅうかん
先輩,せんぱい
,あげる
着物,きもの
部屋,へや
入学,にゅうがく
広告,こうこく
紙,かみ
木曜日,もくようび
水曜日,すいようび
,テレビ
男,おとこ
,もう
問題,もんだい
,いい
砂糖,さとう
虫,むし
火曜日,かようび
話す,はなす
幸せ,しあわせ
知る,しる
土,つち
起こす,おこす
意味,いみ
千,せん
学生,がくせい
,たくさん
写真,しゃしん
信号,しんごう
,バス
家族,かぞく
笑う,わらう
映画,えいが
年間,ねんかん
答える,こたえる
公園,こうえん
中学,ちゅうがく
女,おんな
兄,あに
空気,くうき
早い,はやい
明るい,あかるい
歌う,うたう
秘密,ひみつ
見つける,みつける
,スポーツ
毎週,まいしゅう
,ニュース
町,まち
首相,しゅしょう
手,て
,ホテル
,する
,クラス
人生,じんせい
銀行,ぎんこう
厳しい,きびしい
友人,ゆうじん
花,はな
食べ物,たべもの
動物,どうぶつ
今後,こんご
歩く,あるく
彼女,かのじょ
,もっと
遠い,とおい
別れる,わかれる
友達,ともだち
最後,さいご
包む,つつむ
料理,りょうり
,です
持つ,もつ
今度,こんど
,そして
雑誌,ざっし
,ラジオ
間違い,まちがい
上下,じょうげ
質問,しつもん
有名,ゆうめい
来年,らいねん
答え,こたえ
休む,やすむ
,カラオケ
難しい,むずかしい
怒る,おこる
春,はる
魚,さかな
,カメラ
海,うみ
犯人,はんにん
大学院,だいがくいん
建物,たてもの
助ける,たすける
,パン
少々,しょうしょう
楽しい,たのしい
書類,しょるい
気分,きぶん
理想,りそう
盗む,ぬすむ
勉強,べんきょう
最低,さいてい
息子,むすこ
強い,つよい
始める,はじめる
火事,かじ
特に,とくに
飛行機,ひこうき
番号,ばんごう
時代,じだい
窓,まど
黒い,くろい
困る,こまる
,いつも
,ギター
駅,えき
借りる,かりる
,なお
,を
買い物,かいもの
土曜日,どようび
,トイレ
何か,なにか
誰,だれ
男子,だんし
,どうして
家事,かじ
子供,こども
,レストラン
教室,きょうしつ
授業,じゅぎょう
長男,ちょうなん
兄弟,きょうだい
買う,かう
漫画,まんが
消える,きえる
大好き,だいすき
皆さん,みなさん
負ける,まける
意見,いけん
,ひどい
欲しい,ほしい
募集,ぼしゅう
,もらう
始まる,はじまる
赤ちゃん,あかちゃん
黒,くろ
特別,とくべつ
冷蔵庫,れいぞうこ
,パソコン
映画館,えいがかん
気持ち,きもち
文学,ぶんがく
,ピアノ
試合,しあい
紅茶,こうちゃ
中,なか
上手,じょうず
野菜,やさい
先生,せんせい
,プール
本来,ほんらい
,かわいい
靴,くつ
,ソフト
給料,きゅうりょう
試験,しけん
四,よん
戻る,もどる
家庭,かてい
変,へん
注意,ちゅうい
,アパート
切る,きる
分かる,わかる
一緒,いっしょ
声,こえ
支店,してん
,ノート
以下,いか
地下鉄,ちかてつ
人口,じんこう
取る,とる
,ゲーム
年,とし
時計,とけい
漢字,かんじ
十,じゅう
静か,しずか
鳥,とり
生徒,せいと
大学生,だいがくせい
,ゆっくり
八,はち
肉,にく
車,くるま
以上,いじょう
着る,きる
,パーティー
,テニス
運動,うんどう
作品,さくひん
必要,ひつよう
神社,じんじゃ
用意,ようい
古い,ふるい
生活,せいかつ
毎朝,まいあさ
海外,かいがい
医者,いしゃ
楽器,がっき
赤い,あかい
少年,しょうねん
校長,こうちょう
,でしょう
最初,さいしょ
最も,もっとも
青,あお
女性,じょせい
結婚,けっこん
計画,けいかく
踏む,ふむ
家具,かぐ
不足,ふそく
目的,もくてき
説明,せつめい
昼,ひる
間に合う,まにあう
遅い,おそい
晴れる,はれる
落とす,おとす
壊す,こわす
離れる,はなれる
関係,かんけい
理由,りゆう
立つ,たつ
,インターネット
九,きゅう
夏休み,なつやすみ
今,いま
美術館,びじゅつかん
練習,れんしゅう
明らか,あきらか
文字,もじ
待つ,まつ
,きっかけ
利用,りよう
変わる,かわる
読書,どくしょ
別に,べつに
神様,かみさま
使用,しよう
悲しい,かなしい
勝つ,かつ
足,あし
土地,とち
船,ふね
教える,おしえる
完全,かんぜん
,じゃ
母親,ははおや
荷物,にもつ
予約,よやく
十分,じゅうぶん
猫,ねこ
,ずっと
直す,なおす
恥ずかしい,はずかしい
来月,らいげつ
日本,にほん
戦い,たたかい
増える,ふえる
通る,とおる
決める,きめる
,ことができる
緑,みどり
少女,しょうじょ
来る,くる
,いろいろ
下さる,くださる
会う,あう
,ビール
上がる,あがる
,たばこ
始め,はじめ
,あちら
,いいえ
行く,いく
一度,いちど
,ふるさと
東,ひがし
地下,ちか
引っ越す,ひっこす
,ボール
,プレゼント
会話,かいわ
,アルバイト
運転,うんてん
会場,かいじょう
散歩,さんぽ
入院,にゅういん
,イギリス
本当,ほんとう
,スキー
調べる,しらべる
大会,たいかい
友,とも
中学校,ちゅうがっこう
壊れる,こわれる
父親,ちちおや
,コンサート
,ドイツ
教会,きょうかい
作業,さぎょう
教育,きょういく
行動,こうどう
保険,ほけん
開始,かいし
急,きゅう
,デパート
日曜日,にちようび
反対,はんたい
推薦,すいせん
戦争,せんそう
普通,ふつう
発見,はっけん
途中,とちゅう
耳,みみ
,これから
間違える,まちがえる
立場,たちば
注目,ちゅうもく
横,よこ
原因,げんいん
以前,いぜん
新た,あらた
危険,きけん
電子,でんし
分野,ぶんや
食事,しょくじ
物語,ものがたり
祖父,そふ
場合,ばあい
気に入る,きにいる
貸す,かす
学ぶ,まなぶ
,ところで
無理,むり
人物,じんぶつ
免許,めんきょ
税金,ぜいきん
,シャツ
子,こ
西,にし
向こう,むこう
悩み,なやみ
必ず,かならず
日時,にちじ
国家,こっか
足りる,たりる
政治,せいじ
男性,だんせい
,オーストラリア
,スカート
会議,かいぎ
覚える,おぼえる
犯罪,はんざい
留守,るす
日,ひ
歴史,れきし
卒業,そつぎょう
前,まえ
短い,みじかい
自然,しぜん
指輪,ゆびわ
現在,げんざい
同時,どうじ
観光,かんこう
紹介,しょうかい
比べる,くらべる
経済,けいざい
大事,だいじ
実際,じっさい
部分,ぶぶん
文句,もんく
倒れる,たおれる
無料,むりょう
,クリスマス
文章,ぶんしょう
連絡,れんらく
夢,ゆめ
半,はん
,シャワー
大半,たいはん
科学,かがく
牛乳,ぎゅうにゅう
女子,じょし
長女,ちょうじょ
選手,せんしゅ
簡単,かんたん
方法,ほうほう
市民,しみん
技術,ぎじゅつ
釣り,つり
火,ひ
美しい,うつくしい
期間,きかん
軽い,かるい
発行,はっこう
法律,ほうりつ
事故,じこ
当時,とうじ
低い,ひくい
仕方,しかた
外出,がいしゅつ
失敗,しっぱい
情報,じょうほう
国語,こくご
週,しゅう
以来,いらい
道路,どうろ
,キャンプ
下り,くだり
出発,しゅっぱつ
お茶,おちゃ
内容,ないよう
確認,かくにん
誘う,さそう
眼鏡,めがね
重要,じゅうよう
朝,あさ
,りんご
今日中に,きょうじゅうに
有名人,ゆうめいじん
お金持ち,おかねもち
,パンダ
海外旅行,かいがいりょこう
実際に,じっさいに
,パンツ
,ではありません
越える,こえる
事件,じけん
,ケーキ
起こる,おこる
参加,さんか
暗い,くらい
可能,かのう
昼間,ひるま
決まる,きまる
商品,しょうひん
方向,ほうこう
合う,あう
料金,りょうきん
妹,いもうと
,ものの
部下,ぶか
人気,にんき
時期,じき
自身,じしん
位置,いち
泥棒,どろぼう
後輩,こうはい
村,むら
機会,きかい
過去,かこ
,が
選挙,せんきょ
触る,さわる
不安,ふあん
起きる,おきる
,のに
将来,しょうらい
残す,のこす
程度,ていど
発音,はつおん
教科書,きょうかしょ
机,つくえ
楽しみ,たのしみ
集中,しゅうちゅう
,マンション
住所,じゅうしょ
読み,よみ
乗る,のる
機能,きのう
見学,けんがく
一体,いったい
座る,すわる
今回,こんかい
絶対に,ぜったいに
便利,べんり
青い,あおい
箱,はこ
通う,かよう
名,な
食品,しょくひん
出かける,でかける
地球,ちきゅう
地域,ちいき
決定,けってい
全体,ぜんたい
,おかしい
代表,だいひょう
時,とき
,つまり
判断,はんだん
茶,ちゃ
全国,ぜんこく
非常,ひじょう
二日,ふつか
確か,たしか
身長,しんちょう
森,もり
三日,みっか
拾う,ひろう
天,てん
相談,そうだん
中止,ちゅうし
学習,がくしゅう
,ので
自分自身,じぶんじしん
続ける,つづける
,ガソリン
間,あいだ
直接,ちょくせつ
事実,じじつ
,じゃない
電池,でんち
責任,せきにん
渡す,わたす
,ドライブ
表現,ひょうげん
物質,ぶっしつ
階段,かいだん
報告,ほうこく
都市,とし
絶対,ぜったい
一生,いっしょう
大統領,だいとうりょう
同様,どうよう
遊び,あそび
落ち込む,おちこむ
交通,こうつう
水道,すいどう
一緒に,いっしょに
,すごい
終わり,おわり
年代,ねんだい
寝る,ねる
制度,せいど
状況,じょうきょう
期待,きたい
会員,かいいん
努力,どりょく
以外,いがい
結婚式,けっこんしき
放送,ほうそう
効果,こうか
青年,せいねん
万,まん
二時,にじ
教師,きょうし
,メニュー
午前中,ごぜんちゅう
大変,たいへん
線,せん
書く,かく
言語,げんご
髪,かみ
,だ
百万,ひゃくまん
記録,きろく
開発,かいはつ
私,わたし
姉妹,しまい
記事,きじ
物価,ぶっか
一般,いっぱん
汚い,きたない
工業,こうぎょう
国民,こくみん
生じる,しょうじる
両方,りょうほう
,いつか
複雑,ふくざつ
太陽,たいよう
一年間,いちねんかん
数字,すうじ
入る,はいる
喫茶店,きっさてん
工事,こうじ
決して,けっして
時半,じはん
警察官,けいさつかん
活動,かつどう
最高,さいこう
要求,ようきゅう
国会,こっかい
本人,ほんにん
生きる,いきる
九つ,ここのつ
解決,かいけつ
学年,がくねん
個人,こじん
時,じ
外国語,がいこくご
名人,めいじん
増加,ぞうか
,つもり
,さらに
大いに,おおいに
飲む,のむ
酒,さけ
示す,しめす
人間,にんげん
南北,なんぼく
五日,いつか
背,せ
発売,はつばい
変更,へんこう
伝える,つたえる
経営,けいえい
成長,せいちょう
優しい,やさしい
手術,しゅじゅつ
光,ひかり
理解,りかい
関連,かんれん
熱い,あつい
完成,かんせい
未来,みらい
事情,じじょう
処理,しょり
協力,きょうりょく
四日,よっか
基本,きほん
招待,しょうたい
馬,うま
住宅,じゅうたく
熱,ねつ
機械,きかい
文法,ぶんぽう
舞台,ぶたい
,ではない
出口,でぐち
,ある
帰り,かえり
バス停,バスてい
後,あと
販売,はんばい
多い,おおい
結果,けっか
牛,うし
人,ひと
意識,いしき
東西,とうざい
守る,まもる
塩,しお
状態,じょうたい
存在,そんざい
,スープ
参考,さんこう
残る,のこる
管理,かんり
正しい,ただしい
,もちろん
六日,むいか
健康,けんこう
水,みず
殺す,ころす
許す,ゆるす
再び,ふたたび
担当,たんとう
動き,うごき
一千,いっせん
後半,こうはん
企業,きぎょう
図,ず
影響,えいきょう
学者,がくしゃ
今週,こんしゅう
様子,ようす
住民,じゅうみん
役割,やくわり
,せんす
相当,そうとう
成功,せいこう
池,いけ
現代,げんだい
現実,げんじつ
,グラス
季節,きせつ
実験,じっけん
九日,ここのか
精神,せいしん
,どうぞ
血,ち
,レポート
下車,げしゃ
流れ,ながれ
対象,たいしょう
職業,しょくぎょう
得意,とくい
壁,かべ
都合,つごう
現場,げんば
数学,すうがく
本物,ほんもの
材料,ざいりょう
終える,おえる
心理,しんり
限る,かぎる
一時,いちじ
優勝,ゆうしょう
色,いろ
海岸,かいがん
公開,こうかい
手伝う,てつだう
全員,ぜんいん
実現,じつげん
崩れる,くずれる
合格,ごうかく
塾,じゅく
建設,けんせつ
黄色,きいろ
西洋,せいよう
道具,どうぐ
成績,せいせき
共通,きょうつう
割合,わりあい
実行,じっこう
長年,ながねん
重大,じゅうだい
構成,こうせい
冷たい,つめたい
患者,かんじゃ
降りる,おりる
同時に,どうじに
中国,ちゅうごく
動物園,どうぶつえん
多少,たしょう
店員,てんいん
医学,いがく
半年,はんとし
文明,ぶんめい
国際,こくさい
安定,あんてい
置く,おく
指導,しどう
教授,きょうじゅ
調査,ちょうさ
出張,しゅっちょう
道,みち
高校生,こうこうせい
知識,ちしき
残り,のこり
忙しい,いそがしい
鼻,はな
権利,けんり
帽子,ぼうし
基礎,きそ
,サラリーマン
体験,たいけん
拡大,かくだい
特徴,とくちょう
感謝,かんしゃ
,からい
玄関,げんかん
,デート
合計,ごうけい
興味,きょうみ
背中,せなか
学会,がっかい
,もうす
上り,のぼり
本気,ほんき
薬,くすり
行き,ゆき
面接,めんせつ
高まる,たかまる
,おじいさん
電話をかける,でんわをかける
気分が悪い,きぶんがわるい
三千,さんぜん
何百,なんびゃく
10時,じゅうじ
近所,きんじょ
西口,にしぐち
五時,ごじ
組織,そしき
,または
急ぐ,いそぐ
議論,ぎろん
傾向,けいこう
胸,むね
林,はやし
食料,しょくりょう
夜,よる
殴る,なぐる
出会う,であう
発生,はっせい
育てる,そだてる
火山,かざん
年齢,ねんれい
夕食,ゆうしょく
,おじょうさん
中央,ちゅうおう
大丈夫,だいじょうぶ
泳ぐ,およぐ
,ゼロ
一言,ひとこと
発言,はつげん
希望,きぼう
,からて
太い,ふとい
移動,いどう
競争,きょうそう
見事,みごと
契約,けいやく
営業,えいぎょう
一部,いちぶ
収入,しゅうにゅう
計算,けいさん
靴下,くつした
合わせる,あわせる
提案,ていあん
手段,しゅだん
関心,かんしん
弱い,よわい
薄い,うすい
洗う,あらう
農業,のうぎょう
団体,だんたい
適用,てきよう
,ええ
掃除,そうじ
秋,あき
困難,こんなん
向かう,むかう
,サークル
休日,きゅうじつ
連続,れんぞく
意外,いがい
,どんな
被害,ひがい
実施,じっし
深い,ふかい
輸入,ゆにゅう
動かす,うごかす
共同,きょうどう
斜め,ななめ
遅れる,おくれる
制限,せいげん
費用,ひよう
設計,せっけい
価格,かかく
普段,ふだん
祖母,そぼ
湯,ゆ
もう１度,もういちど
生命,せいめい
疑問,ぎもん
,やる
世代,せだい
感情,かんじょう
世間,せけん
場面,ばめん
首都,しゅと
留学,りゅうがく
資料,しりょう
返す,かえす
失う,うしなう
世話,せわ
規則,きそく
同一,どういつ
労働,ろうどう
牛肉,ぎゅうにく
支配,しはい
消費,しょうひ
一家,いっか
一,いち
思想,しそう
この間,このあいだ
無事,ぶじ
自動,じどう
住む,すむ
特急,とっきゅう
洋服,ようふく
監督,かんとく
今夜,こんや
回復,かいふく
生かす,いかす
行う,おこなう
検討,けんとう
咲く,さく
条件,じょうけん
明確,めいかく
正式,せいしき
交換,こうかん
一時間,いちじかん
雲,くも
月,つき
感覚,かんかく
記念,きねん
貿易,ぼうえき
事業,じぎょう
医療,いりょう
評価,ひょうか
信頼,しんらい
辞書,じしょ
,ほど
古代,こだい
死ぬ,しぬ
,おじさん
記者,きしゃ
,したがって
老人,ろうじん
主要,しゅよう
先日,せんじつ
,カーテン
人形,にんぎょう
家賃,やちん
豊か,ゆたか
嫌,いや
結局,けっきょく
現状,げんじょう
,もってくる
強化,きょうか
似合う,にあう
印象,いんしょう
許可,きょか
野球,やきゅう
前半,ぜんはん
通信,つうしん
六つ,むっつ
日常,にちじょう
列車,れっしゃ
,だいぶ
円,えん
選択,せんたく
指定,してい
に対する,にたいする
事務,じむ
単位,たんい
地元,じもと
姿,すがた
人類,じんるい
死亡,しぼう
活用,かつよう
有効,ゆうこう
,ビジネス
植物,しょくぶつ
行事,ぎょうじ
発展,はってん
訪問,ほうもん
周辺,しゅうへん
感じ,かんじ
下がる,さがる
年度,ねんど
成立,せいりつ
禁止,きんし
突然,とつぜん
他人,たにん
父母,ふぼ
命令,めいれい
,つまらない
高度,こうど
風景,ふうけい
一定,いってい
登場,とうじょう
出席,しゅっせき
平均,へいきん
一番,いちばん
地位,ちい
,おそらく
周囲,しゅうい
肩,かた
彼,かれ
,より
表面,ひょうめん
製品,せいひん
喜ぶ,よろこぶ
服,ふく
詳しい,くわしい
去年,きょねん
否定,ひてい
,ジュース
維持,いじ
金額,きんがく
金,かね
障害,しょうがい
利益,りえき
末,すえ
消す,けす
記憶,きおく
出版,しゅっぱん
訪ねる,たずねる
温度,おんど
鍋,なべ
同僚,どうりょう
到着,とうちゃく
交流,こうりゅう
用いる,もちいる
適当,てきとう
画家,がか
独立,どくりつ
借金,しゃっきん
宗教,しゅうきょう
素晴らしい,すばらしい
建築,けんちく
話題,わだい
,ひとりで
予算,よさん
攻撃,こうげき
追う,おう
誕生,たんじょう
構造,こうぞう
開催,かいさい
集団,しゅうだん
,ネクタイ
良い,よい
訓練,くんれん
繰り返す,くりかえす
主張,しゅちょう
抱える,かかえる
始めて,はじめて
飾る,かざる
宇宙,うちゅう
供給,きょうきゅう
始まり,はじまり
委員,いいん
見出し,みだし
通常,つうじょう
作者,さくしゃ
演奏,えんそう
味方,みかた
水泳,すいえい
確実,かくじつ
並ぶ,ならぶ
鉄道,てつどう
改善,かいぜん
批判,ひはん
特定,とくてい
苦手,にがて
検査,けんさ
巨大,きょだい
輸出,ゆしゅつ
設備,せつび
以後,いご
単に,たんに
砂,すな
範囲,はんい
容易,ようい
,どう
昨日,きのう
近代,きんだい
見方,みかた
財産,ざいさん
背景,はいけい
来,らい
,ドア
果物,くだもの
論文,ろんぶん
地理,ちり
現象,げんしょう
案内,あんない
流す,ながす
痛い,いたい
不満,ふまん
屋根,やね
表情,ひょうじょう
知事,ちじ
寒い,さむい
年中,ねんじゅう
逮捕,たいほ
備える,そなえる
不思議,ふしぎ
,だから
,しゃべる
怖い,こわい
脱ぐ,ぬぐ
語学,ごがく
差別,さべつ
,なんか
残念,ざんねん
楽しむ,たのしむ
価値,かち
芸術,げいじゅつ
笑い,わらい
翻訳,ほんやく
提出,ていしゅつ
払う,はらう
比較,ひかく
就職,しゅうしょく
登る,のぼる
重ねる,かさねる
,なる
議会,ぎかい
食う,くう
一日,ついたち
前年,ぜんねん
分ける,わける
是非,ぜひ
,スプーン
運,うん
後者,こうしゃ
分析,ぶんせき
洗濯,せんたく
晩,ばん
広場,ひろば
奥,おく
桜,さくら
適切,てきせつ
別れ,わかれ
単純,たんじゅん
焼く,やく
鏡,かがみ
自動車,じどうしゃ
広げる,ひろげる
型,かた
,できるだけ
大気,たいき
業者,ぎょうしゃ
涙,なみだ
笑顔,えがお
学問,がくもん
終了,しゅうりょう
追加,ついか
態度,たいど
製造,せいぞう
伝統,でんとう
限界,げんかい
解説,かいせつ
少なくとも,すくなくとも
茶色,ちゃいろ
油,あぶら
長期,ちょうき
曜日,ようび
,なさる
神経,しんけい
保存,ほぞん
体育,たいいく
,そろそろ
議員,ぎいん
雰囲気,ふんいき
国土,こくど
一種,いっしゅ
事態,じたい
速度,そくど
信用,しんよう
依頼,いらい
自殺,じさつ
大使,たいし
年月,としつき
温泉,おんせん
息,いき
安心,あんしん
日中,にっちゅう
私立,しりつ
裁判,さいばん
基準,きじゅん
贈る,おくる
,ほとんど
入社,にゅうしゃ
,たまに
水分,すいぶん
整備,せいび
世の中,よのなか
読者,どくしゃ
観察,かんさつ
操作,そうさ
下げる,さげる
憲法,けんぽう
値段,ねだん
民間,みんかん
通過,つうか
急速,きゅうそく
慣れる,なれる
展開,てんかい
過程,かてい
一切,いっさい
体力,たいりょく
留学生,りゅうがくせい
痛み,いたみ
武器,ぶき
親,おや
皿,さら
台所,だいどころ
裏,うら
承認,しょうにん
受験,じゅけん
,ください
文書,ぶんしょ
盛ん,さかん
進学,しんがく
改正,かいせい
断る,ことわる
流行,りゅうこう
気温,きおん
七日,なのか
,ほんの
現金,げんきん
,グラム
注,ちゅう
手続き,てつづき
人工,じんこう
切手,きって
満足,まんぞく
撮影,さつえい
孫,まご
安い,やすい
通学,つうがく
表,おもて
姿勢,しせい
,おっしゃる
,まで
郵便局,ゆうびんきょく
味,あじ
具合,ぐあい
親友,しんゆう
,ただ
代わり,かわり
,かぶる
格好,かっこう
魅力,みりょく
望む,のぞむ
八日,ようか
暮らし,くらし
面倒,めんどう
深刻,しんこく
結構,けっこう
踊り,おどり
八つ,やっつ
国立,こくりつ
現地,げんち
抵抗,ていこう
不明,ふめい
物理,ぶつり
込む,こむ
複数,ふくすう
面白い,おもしろい
浴びる,あびる
,かつ
編集,へんしゅう
課題,かだい
集まる,あつまる
日曜,にちよう
,コンピューター
中身,なかみ
罪,つみ
模様,もよう
支持,しじ
広がる,ひろがる
務める,つとめる
恋,こい
坂,さか
わたし達,わたしたち
姉,あね
喜び,よろこび
下ろす,おろす
花火,はなび
我々,われわれ
風呂,ふろ
苦労,くろう
香り,かおり
破る,やぶる
鉛筆,えんぴつ
増やす,ふやす
隣,となり
久しぶり,ひさしぶり
渡る,わたる
死体,したい
,すでに
国境,こっきょう
,まもなく
分かりにくい,わかりにくい
影,かげ
付き合う,つきあう
,あそこ
保証,ほしょう
弁当,べんとう
猿,さる
傷,きず
飛ぶ,とぶ
,ダメ
当たる,あたる
抑える,おさえる
元,もと
,どうしよう
,おばあさん
祭り,まつり
項目,こうもく
匹,ひき
,マイナス
,カレー
,タオル
作曲,さっきょく
感動,かんどう
疑う,うたがう
離婚,りこん
動作,どうさ
見解,けんかい
主婦,しゅふ
混乱,こんらん
瞬間,しゅんかん
整理,せいり
体制,たいせい
回答,かいとう
,ゴルフ
歓迎,かんげい
郊外,こうがい
,いわゆる
,いらっしゃる
当日,とうじつ
会計,かいけい
好き,すき
観客,かんきゃく
,テスト
急行,きゅうこう
風邪,かぜ
援助,えんじょ
採用,さいよう
最終,さいしゅう
豊富,ほうふ
証明,しょうめい
中心,ちゅうしん
汚れる,よごれる
吸収,きゅうしゅう
運用,うんよう
夜中,よなか
資格,しかく
緊張,きんちょう
正午,しょうご
症状,しょうじょう
結ぶ,むすぶ
入場,にゅうじょう
,イタリア
本名,ほんみょう
呼吸,こきゅう
異常,いじょう
解放,かいほう
発達,はったつ
直前,ちょくぜん
爆発,ばくはつ
職員,しょくいん
先週,せんしゅう
活躍,かつやく
方針,ほうしん
低下,ていか
発明,はつめい
才能,さいのう
当たり,あたり
想像,そうぞう
直後,ちょくご
支払う,しはらう
誤解,ごかい
調子,ちょうし
面積,めんせき
施設,しせつ
装置,そうち
解釈,かいしゃく
形式,けいしき
似る,にる
偶然,ぐうぜん
中年,ちゅうねん
石油,せきゆ
調整,ちょうせい
対策,たいさく
遊ぶ,あそぶ
加える,くわえる
修正,しゅうせい
需要,じゅよう
信じる,しんじる
予想,よそう
修理,しゅうり
殺人,さつじん
下手,へた
に関して,にかんして
倍,ばい
屋上,おくじょう
心,こころ
賛成,さんせい
,くれる
登録,とうろく
外部,がいぶ
不正,ふせい
重視,じゅうし
移す,うつす
治療,ちりょう
新幹線,しんかんせん
,はず
内部,ないぶ
正確,せいかく
育つ,そだつ
対立,たいりつ
印刷,いんさつ
解散,かいさん
公共,こうきょう
常識,じょうしき
勢い,いきおい
心臓,しんぞう
一方,いっぽう
提供,ていきょう
出生,しゅっしょう
延長,えんちょう
,バイク
郵便,ゆうびん
著者,ちょしゃ
,インド
歩道,ほどう
働く,はたらく
前後,ぜんご
正直,しょうじき
美人,びじん
義務,ぎむ
,こんばんは
描く,えがく
有利,ゆうり
迫る,せまる
一致,いっち
恋人,こいびと
甘い,あまい
来週,らいしゅう
前者,ぜんしゃ
上,うえ
防止,ぼうし
実力,じつりょく
,とにかく
警官,けいかん
,だった
イタリア語,イタリアご
,どうも
,もしもし
,どうしたらいい
休み中,やすみちゅう
全体的,ぜんたいてき
五百円,ごひゃくえん
,どうやって
勝負,しょうぶ
与える,あたえる
奪う,うばう
腹,はら
講師,こうし
扱う,あつかう
現実的,げんじつてき
地名,ちめい
交番,こうばん
不幸,ふこう
天国,てんごく
門,もん
訳す,やくす
応援,おうえん
達する,たっする
下着,したぎ
講演,こうえん
減少,げんしょう
大幅,おおはば
定員,ていいん
板,いた
俳優,はいゆう
,いいとも
,ポケット
男の人,おとこのひと
刺激,しげき
返事,へんじ
組む,くむ
区別,くべつ
購入,こうにゅう
停止,ていし
電力,でんりょく
区,く
通勤,つうきん
景気,けいき
貯金,ちょきん
働き,はたらき
回す,まわす
書店,しょてん
通知,つうち
,タイヤ
課長,かちょう
規定,きてい
肌,はだ
発電,はつでん
帰る,かえる
,ボーナス
故障,こしょう
一見,いっけん
図る,はかる
優秀,ゆうしゅう
体重,たいじゅう
結論,けつろん
互い,たがい
厚い,あつい
透明,とうめい
導入,どうにゅう
図書,としょ
資源,しげん
化粧,けしょう
特色,とくしょく
頑張る,がんばる
資産,しさん
負担,ふたん
宿題,しゅくだい
成果,せいか
資金,しきん
囲む,かこむ
,しばらく
独特,どくとく
相互,そうご
水準,すいじゅん
,までに
非常に,ひじょうに
世紀,せいき
成人,せいじん
愛情,あいじょう
学部,がくぶ
滞在,たいざい
外交,がいこう
回転,かいてん
血液,けつえき
予防,よぼう
危機,きき
小学生,しょうがくせい
回数,かいすう
氏名,しめい
熱心,ねっしん
進歩,しんぽ
社員,しゃいん
可,か
,ビル
順,じゅん
定期,ていき
通行,つうこう
,おやすみなさい
,いやになる
主体,しゅたい
天皇,てんのう
損害,そんがい
特殊,とくしゅ
変える,かえる
都会,とかい
哲学,てつがく
近く,ちかく
減る,へる
気候,きこう
冷静,れいせい
帰国,きこく
,ごく
狂う,くるう
中世,ちゅうせい
五百,ごひゃく
,かわいそう
,スピーチ
女性的,じょせいてき
小屋,こや
部品,ぶひん
化学,かがく
捨てる,すてる
真面目,まじめ
金属,きんぞく
会長,かいちょう
街道,かいどう
読み終わる,よみおわる
中間,ちゅうかん
継続,けいぞく
高速,こうそく
個人的,こじんてき
分類,ぶんるい
投資,とうし
農家,のうか
女優,じょゆう
航空,こうくう
常に,つねに
大小,だいしょう
平成,へいせい
知人,ちじん
刑事,けいじ
帰ってくる,かえってくる
方言,ほうげん
列,れつ
切符,きっぷ
習う,ならう
児童,じどう
認識,にんしき
永遠,えいえん
行政,ぎょうせい
設置,せっち
亡くなる,なくなる
姓,せい
大きな,おおきな
勇気,ゆうき
人種,じんしゅ
礼,れい
劇場,げきじょう
柔道,じゅうどう
企画,きかく
報道,ほうどう
移転,いてん
,タイプ
地方,ちほう
,ナイフ
貴重,きちょう
,そば
数える,かぞえる
統一,とういつ
,カップ
人類学,じんるいがく
隠す,かくす
大戦,たいせん
若い,わかい
注文,ちゅうもん
迷惑,めいわく
客,きゃく
性質,せいしつ
講義,こうぎ
谷,たに
気を失う,きをうしなう
申請,しんせい
何時間,なんじかん
録音,ろくおん
競技,きょうぎ
戻す,もどす
東洋,とうよう
閉じる,とじる
対応,たいおう
,ポスト
作用,さよう
平日,へいじつ
,どの
去る,さる
負け,まけ
作成,さくせい
向上,こうじょう
普及,ふきゅう
,ベッド
余裕,よゆう
火がつく,ひがつく
娘,むすめ
賞,しょう
候補,こうほ
全身,ぜんしん
必死,ひっし
自信,じしん
,になる
,バイオリン
珍しい,めずらしい
唯一,ゆいいつ
夫,おっと
博物館,はくぶつかん
,はっきり
栄養,えいよう
窓口,まどぐち
,ジャーナリスト
赤字,あかじ
加工,かこう
首,くび
海洋,かいよう
忘れる,わすれる
分子,ぶんし
皮,かわ
代理,だいり
幸福,こうふく
業界,ぎょうかい
,アイスクリーム
出演,しゅつえん
含む,ふくむ
激しい,はげしい
土曜,どよう
実績,じっせき
改革,かいかく
謝る,あやまる
,さあ
上昇,じょうしょう
,なかなか
商売,しょうばい
接続,せつぞく
,こと
夫人,ふじん
形成,けいせい
,バイト
転ぶ,ころぶ
資本,しほん
演劇,えんげき
規制,きせい
丁寧,ていねい
性能,せいのう
奥さん,おくさん
曲がる,まがる
意図,いと
,かばん
公式,こうしき
考慮,こうりょ
民族,みんぞく
考え,かんがえ
原理,げんり
見送る,みおくる
市場,いちば
捕まる,つかまる
今朝,けさ
産業,さんぎょう
半ば,なかば
語る,かたる
人,にん
畑,はたけ
赤ん坊,あかんぼう
恐怖,きょうふ
,ありがとう
物事,ものごと
金融,きんゆう
問う,とう
最大,さいだい
往復,おうふく
有力,ゆうりょく
日,にち
衝突,しょうとつ
議長,ぎちょう
廊下,ろうか
本社,ほんしゃ
思い,おもい
信仰,しんこう
悩む,なやむ
絞る,しぼる
大勢,おおぜい
方,ほう
形,かたち
,ガス
,いっぱい
評判,ひょうばん
,すぐに
手間,てま
引退,いんたい
二度と,にどと
日程,にってい
主義,しゅぎ
例外,れいがい
吸う,すう
投票,とうひょう
周り,まわり
真ん中,まんなか
駅前,えきまえ
,たれる
磨く,みがく
,しか
違反,いはん
,チケット
好む,このむ
汚染,おせん
都心,としん
正月,しょうがつ
商業,しょうぎょう
大体,だいたい
規模,きぼ
主に,おもに
直径,ちょっけい
別荘,べっそう
国内,こくない
先頭,せんとう
運営,うんえい
国籍,こくせき
学,がく
有料,ゆうりょう
組合,くみあい
自宅,じたく
,やっぱり
一瞬,いっしゅん
直ちに,ただちに
,おる
身,み
意思,いし
順番,じゅんばん
生産,せいさん
捕虜,ほりょ
刺す,さす
,ありがとうございます
本部,ほんぶ
森林,しんりん
経由,けいゆ
政策,せいさく
燃える,もえる
棒,ぼう
打つ,うつ
英文,えいぶん
夜間,やかん
要素,ようそ
期限,きげん
寄る,よる
貧しい,まずしい
景色,けしき
下,もと
立派,りっぱ
製作,せいさく
空中,くうちゅう
桜の木,さくらのき
寄せる,よせる
一層,いっそう
平等,びょうどう
湖,みずうみ
原則,げんそく
力,ちから
設定,せってい
欠席,けっせき
設立,せつりつ
十七,じゅうしち
従来,じゅうらい
,かじる
,ガラス
悪い,わるい
助かる,たすかる
制作,せいさく
嫌い,きらい
売買,ばいばい
引用,いんよう
死,し
年上,としうえ
尊敬,そんけい
同意,どうい
共に,ともに
女の人,おんなのひと
青春,せいしゅん
主役,しゅやく
,いずれ
分かれる,わかれる
地,ち
弁護士,べんごし
飲み物,のみもの
単語,たんご
順調,じゅんちょう
推進,すいしん
反映,はんえい
保護,ほご
軍隊,ぐんたい
,やはり
叫ぶ,さけぶ
就任,しゅうにん
測定,そくてい
達成,たっせい
狙う,ねらう
何とか,なんとか
歯,は
天然,てんねん
服装,ふくそう
下る,くだる
悲劇,ひげき
駅員,えきいん
助手,じょしゅ
,せんばつ
無視,むし
高さ,たかさ
合併,がっぺい
片付ける,かたづける
距離,きょり
数,かず
試す,ためす
幅,はば
努める,つとめる
加わる,くわわる
中古,ちゅうこ
行為,こうい
,メール
絵画,かいが
寄付,きふ
生み出す,うみだす
頃,ころ
,あきらめる
以内,いない
博士,はかせ
,しっかり
貧乏,びんぼう
章,しょう
,エレベーター
,かなう
減らす,へらす
前提,ぜんてい
診断,しんだん
大陸,たいりく
偉大,いだい
岩,いわ
用途,ようと
もう一つ,もうひとつ
詳細,しょうさい
俺,おれ
勤務,きんむ
覆う,おおう
,おいしい
付近,ふきん
確保,かくほ
外す,はずす
親切,しんせつ
塔,とう
帰宅,きたく
酸素,さんそ
過ごす,すごす
有無,うむ
目立つ,めだつ
時刻,じこく
夏,なつ
,アルバム
,そんなに
白,しろ
新人,しんじん
年生,ねんせい
進出,しんしゅつ
辞典,じてん
金曜,きんよう
泣く,なく
経過,けいか
確立,かくりつ
休憩,きゅうけい
,すなわち
要望,ようぼう
所得,しょとく
婦人,ふじん
注射,ちゅうしゃ
お元気で,おげんきで
題名,だいめい
登山,とざん
枝,えだ
救う,すくう
塗る,ぬる
,チーム
交渉,こうしょう
昼食,ちゅうしょく
開く,ひらく
,ヨーロッパ
団地,だんち
請求,せいきゅう
,なんじ
増大,ぞうだい
親子,おやこ
説得,せっとく
個々,ここ
八月,はちがつ
変化,へんか
指,ゆび
旅,たび
貼る,はる
留守番,るすばん
暴力,ぼうりょく
乗せる,のせる
国外,こくがい
公演,こうえん
進行,しんこう
崩壊,ほうかい
理論,りろん
点,てん
,プロ
握る,にぎる
晴れ,はれ
生物,せいぶつ
方面,ほうめん
寂しい,さびしい
反応,はんのう
飛び出す,とびだす
宣伝,せんでん
伝わる,つたわる
知り合う,しりあう
白人,はくじん
支出,ししゅつ
墓,はか
感想,かんそう
作文,さくぶん
平和,へいわ
当然,とうぜん
若者,わかもの
強調,きょうちょう
派遣,はけん
高等,こうとう
苦しい,くるしい
皮膚,ひふ
ご飯,ごはん
光る,ひかる
週間,しゅうかん
恋愛,れんあい
竹,たけ
,トラック
納得,なっとく
消防,しょうぼう
花見,はなみ
撮る,とる
欠点,けってん
願い,ねがい
指摘,してき
,ケース
鋭い,するどい
石,いし
肉体,にくたい
狭い,せまい
指示,しじ
問い,とい
発足,ほっそく
気付く,きづく
敬語,けいご
自己,じこ
品物,しなもの
,エンジン
反省,はんせい
要因,よういん
月曜,げつよう
復活,ふっかつ
丸い,まるい
個性,こせい
事務所,じむしょ
正常,せいじょう
砂漠,さばく
,お
能力,のうりょく
眠る,ねむる
取材,しゅざい
島,しま
多分,たぶん
月日,つきひ
充実,じゅうじつ
野,の
閉まる,しまる
判決,はんけつ
,かつて
証拠,しょうこ
学科,がっか
台,だい
詩人,しじん
接する,せっする
挑戦,ちょうせん
革命,かくめい
演説,えんぜつ
,スイッチ
何で,なんで
代金,だいきん
棄権,きけん
主催,しゅさい
橋,はし
書物,しょもつ
商店,しょうてん
,その
座席,ざせき
課,か
,ように
卵,たまご
長さ,ながさ
,ことがない
原料,げんりょう
怒り,いかり
邪魔,じゃま
本質,ほんしつ
思わず,おもわず
,ファイル
視点,してん
輸送,ゆそう
線路,せんろ
単なる,たんなる
南西,なんせい
席,せき
財布,さいふ
急激,きゅうげき
,バナナ
合意,ごうい
煙,けむり
作戦,さくせん
付属,ふぞく
乗客,じょうきゃく
仕組み,しくみ
意志,いし
破壊,はかい
遺跡,いせき
北東,ほくとう
細い,ほそい
蚊,か
,ワイン
格好いい,かっこいい
慎重,しんちょう
予報,よほう
能,のう
協議,きょうぎ
右手,みぎて
所属,しょぞく
総合,そうごう
,かかる
,エネルギー
着く,つく
科目,かもく
締める,しめる
決意,けつい
退職,たいしょく
捜査,そうさ
棚,たな
,それに
入力,にゅうりょく
乾燥,かんそう
,よ
手伝い,てつだい
開放,かいほう
負う,おう
側面,そくめん
農民,のうみん
獲得,かくとく
,とりあえず
看板,かんばん
恐ろしい,おそろしい
専攻,せんこう
次第,しだい
電報,でんぽう
出産,しゅっさん
,チョコレート
針,はり
無駄,むだ
,か
願う,ねがう
区分,くぶん
覚悟,かくご
合同,ごうどう
勝利,しょうり
来日,らいにち
権力,けんりょく
出会い,であい
強力,きょうりょく
悪化,あっか
警告,けいこく
頼る,たよる
演出,えんしゅつ
劇,げき
,せい
王様,おうさま
自慢,じまん
冗談,じょうだん
自主,じしゅ
独身,どくしん
防ぐ,ふせぐ
地上,ちじょう
地点,ちてん
本日,ほんじつ
公立,こうりつ
,つける
胃,い
上級,じょうきゅう
下町,したまち
体,たい
銀,ぎん
投げる,なげる
一応,いちおう
移る,うつる
動く,うごく
,トップ
街角,まちかど
再生,さいせい
禁煙,きんえん
叔父,おじ
身分,みぶん
,トマト
廃止,はいし
食堂,しょくどう
映像,えいぞう
,にくい
素敵,すてき
境,さかい
奨学金,しょうがくきん
何と,なんと
措置,そち
政党,せいとう
観測,かんそく
木曜,もくよう
定める,さだめる
生まれ,うまれ
開く,あく
高める,たかめる
予備,よび
退院,たいいん
株式,かぶしき
改造,かいぞう
天候,てんこう
演技,えんぎ
効率,こうりつ
改める,あらためる
葉,は
運命,うんめい
暑い,あつい
,それから
,マフラー
衛星,えいせい
収穫,しゅうかく
工学,こうがく
,セット
,っぱなし
大国,たいこく
都,みやこ
基地,きち
舌,した
削減,さくげん
処分,しょぶん
夜明け,よあけ
復習,ふくしゅう
腕,うで
犠牲,ぎせい
映る,うつる
配達,はいたつ
記述,きじゅつ
幼児,ようじ
有する,ゆうする
本当に,ほんとうに
愛,あい
日の出,ひので
用語,ようご
,まあ
財政,ざいせい
名称,めいしょう
角度,かくど
上司,じょうし
,スタイル
民主,みんしゅ
,よかったら
役所,やくしょ
四季,しき
東北,とうほく
謎,なぞ
先行,せんこう
話し合う,はなしあう
嫌う,きらう
手袋,てぶくろ
人々,ひとびと
尋ねる,たずねる
書道,しょどう
流通,りゅうつう
雇用,こよう
心身,しんしん
年金,ねんきん
真実,しんじつ
天井,てんじょう
前進,ぜんしん
国連,こくれん
辺り,あたり
勢力,せいりょく
公表,こうひょう
反発,はんぱつ
,さ
集まり,あつまり
冷房,れいぼう
基づく,もとづく
昼休み,ひるやすみ
北西,ほくせい
行列,ぎょうれつ
標準,ひょうじゅん
,うるさい
以降,いこう
学長,がくちょう
冒険,ぼうけん
残業,ざんぎょう
確定,かくてい
濃い,こい
限定,げんてい
穏やか,おだやか
例,れい
南東,なんとう
意義,いぎ
星,ほし
駐車,ちゅうしゃ
風,かぜ
集合,しゅうごう
固定,こてい
予習,よしゅう
天下,てんか
上京,じょうきょう
司会,しかい
辺,へん
加入,かにゅう
所有,しょゆう
丈夫,じょうぶ
友情,ゆうじょう
区域,くいき
法則,ほうそく
,ある
任務,にんむ
焦点,しょうてん
見通し,みとおし
福祉,ふくし
題,だい
梅,うめ
縮小,しゅくしょう
,フォーク
草,くさ
,なくす
確率,かくりつ
,さんがつ
収集,しゅうしゅう
入手,にゅうしゅ
徹底,てってい
外科,げか
親戚,しんせき
政権,せいけん
要請,ようせい
教え,おしえ
横断,おうだん
集会,しゅうかい
専門,せんもん
僕,ぼく
泉,いずみ
文,ぶん
引く,ひく
神,かみ
応用,おうよう
伝説,でんせつ
統計,とうけい
積む,つむ
開会,かいかい
日光,にっこう
実用,じつよう
恐れ,おそれ
情熱,じょうねつ
地区,ちく
署名,しょめい
,あの
夫妻,ふさい
前日,ぜんじつ
応じる,おうじる
筆,ふで
削除,さくじょ
先に,さきに
失業,しつぎょう
満たす,みたす
飛ばす,とばす
寿命,じゅみょう
国道,こくどう
日々,ひび
災害,さいがい
休業,きゅうぎょう
,やがて
純粋,じゅんすい
学期,がっき
角,かど
重量,じゅうりょう
火災,かさい
割る,わる
動向,どうこう
市内,しない
前回,ぜんかい
先,さき
分解,ぶんかい
芝居,しばい
領域,りょういき
刀,かたな
,きっと
先端,せんたん
布団,ふとん
湾,わん
真っ赤,まっか
,プラス
知り合い,しりあい
質,しつ
鳴る,なる
粉,こな
,システム
,アルコール
誤り,あやまり
,たる
臨時,りんじ
,テキスト
,ダンス
預ける,あずける
我慢,がまん
世,よ
制定,せいてい
矛盾,むじゅん
建つ,たつ
活発,かっぱつ
,いじめる
暮らす,くらす
素直,すなお
一昨年,おととし
燃料,ねんりょう
概念,がいねん
,まあまあ
医師,いし
港,みなと
発車,はっしゃ
酢,す
地獄,じごく
,と
万一,まんいち
大きさ,おおきさ
写す,うつす
統合,とうごう
試み,こころみ
女王,じょおう
寺,てら
子孫,しそん
商人,しょうにん
倉庫,そうこ
争い,あらそい
毎晩,まいばん
用,よう
延期,えんき
人数,にんずう
暇,ひま
教員,きょういん
機構,きこう
当初,とうしょ
多様,たよう
強盗,ごうとう
松,まつ
上がり,あがり
結成,けっせい
地帯,ちたい
思考,しこう
戦後,せんご
渋滞,じゅうたい
水中,すいちゅう
貨物,かもつ
実に,じつに
管,かん
参る,まいる
嫁,よめ
肯定,こうてい
鍵,かぎ
配置,はいち
拒否,きょひ
婚約,こんやく
交際,こうさい
高価,こうか
日付,ひづけ
新鮮,しんせん
役目,やくめ
異なる,ことなる
土木,どぼく
定年,ていねん
出品,しゅっぴん
品質,ひんしつ
仲間,なかま
,レベル
昭和,しょうわ
理科,りか
幹部,かんぶ
太る,ふとる
降る,ふる
頂上,ちょうじょう
続く,つづく
,サイン
腰,こし
王子,おうじ
旗,はた
知的,ちてき
指揮,しき
条約,じょうやく
生存,せいぞん
,ごめんなさい
顔,かお
硬い,かたい
,やっと
,モデル
隅,すみ
連合,れんごう
定義,ていぎ
上着,うわぎ
美術,びじゅつ
大正,たいしょう
得る,える
高級,こうきゅう
田舎,いなか
,よく
回,かい
膝,ひざ
道徳,どうとく
多数,たすう
収める,おさめる
大型,おおがた
生る,なる
役者,やくしゃ
椅子,いす
光景,こうけい
不利,ふり
優先,ゆうせん
涼しい,すずしい
男女,だんじょ
本体,ほんたい
写る,うつる
粒,つぶ
保健,ほけん
成分,せいぶん
売店,ばいてん
手入れ,ていれ
赤,あか
明治,めいじ
大工,だいく
向き,むき
睡眠,すいみん
及ぶ,およぶ
朝日,あさひ
本国,ほんごく
非難,ひなん
圧力,あつりょく
手前,てまえ
進む,すすむ
要する,ようする
蹴る,ける
平野,へいや
お菓子,おかし
差,さ
発想,はっそう
曇り,くもり
境界,きょうかい
決勝,けっしょう
独自,どくじ
携帯,けいたい
職場,しょくば
小鳥,ことり
家屋,かおく
配る,くばる
広まる,ひろまる
組,くみ
名物,めいぶつ
水曜,すいよう
経る,へる
参照,さんしょう
課程,かてい
短期,たんき
月末,げつまつ
測る,はかる
伺う,うかがう
全然,ぜんぜん
,それで
主題,しゅだい
嵐,あらし
見直す,みなおす
論理,ろんり
改良,かいりょう
批評,ひひょう
週末,しゅうまつ
本文,ほんぶん
祝日,しゅくじつ
当選,とうせん
引っ張る,ひっぱる
工作,こうさく
特集,とくしゅう
,あれ
火曜,かよう
東京,とうきょう
奇妙,きみょう
比率,ひりつ
機関,きかん
応募,おうぼ
毛,け
,かもしれない
実態,じったい
会見,かいけん
根拠,こんきょ
眠い,ねむい
制服,せいふく
苦痛,くつう
裸,はだか
目標,もくひょう
昨夜,ゆうべ
表紙,ひょうし
記入,きにゅう
典型,てんけい
支援,しえん
業績,ぎょうせき
部門,ぶもん
飼う,かう
事前,じぜん
際,さい
貢献,こうけん
分離,ぶんり
不自由,ふじゆう
髪の毛,かみのけ
店,みせ
熱帯,ねったい
半島,はんとう
襲う,おそう
鬼,おに
死者,ししゃ
娯楽,ごらく
十日,とおか
掲載,けいさい
,サービス
育児,いくじ
大使館,たいしかん
目指す,めざす
自治,じち
不可,ふか
贈り物,おくりもの
,まさに
出来事,できごと
停車,ていしゃ
救助,きゅうじょ
,ぶつける
金銭,きんせん
関西,かんさい
全般,ぜんぱん
再会,さいかい
知恵,ちえ
永久,えいきゅう
,にもかかわらず
広さ,ひろさ
悪魔,あくま
性別,せいべつ
,ねずみ
済む,すむ
九月,くがつ
審議,しんぎ
騒ぐ,さわぐ
年下,としした
強制,きょうせい
回収,かいしゅう
将棋,しょうぎ
感じる,かんじる
空き,あき
双子,ふたご
食,しょく
職人,しょくにん
段階,だんかい
乗車,じょうしゃ
改めて,あらためて
運送,うんそう
宝石,ほうせき
作,さく
,ただし
判定,はんてい
該当,がいとう
系統,けいとう
容器,ようき
対話,たいわ
妊娠,にんしん
体系,たいけい
語,ご
巣,す
儀式,ぎしき
竜,りゅう
,どの
豪華,ごうか
大抵,たいてい
象徴,しょうちょう
内側,うちがわ
,ちょうど
言い方,いいかた
力強い,ちからづよい
推定,すいてい
温暖,おんだん
接近,せっきん
軍事,ぐんじ
兵士,へいし
入り,いり
宣言,せんげん
経つ,たつ
休暇,きゅうか
経費,けいひ
照明,しょうめい
都内,とない
基盤,きばん
,ない
運賃,うんちん
幸い,さいわい
権限,けんげん
命,いのち
専用,せんよう
何しろ,なにしろ
相撲,すもう
促進,そくしん
,たま
夕刊,ゆうかん
住居,すまい
,ええっと
栽培,さいばい
枠,わく
,およそ
大げさ,おおげさ
一行,いちぎょう
技師,ぎし
意欲,いよく
券,けん
若干,じゃっかん
編む,あむ
支払い,しはらい
素材,そざい
業務,ぎょうむ
具体的,ぐたいてき
別々,べつべつ
開ける,あける
,かける
翌年,よくねん
国名,こくめい
穴,あな
妻,つま
石炭,せきたん
汽車,きしゃ
損,そん
行,ぎょう
通訳,つうやく
,まず
毒,どく
,はし
,たとえ
霧,きり
飯,めし
派手,はで
補助,ほじょ
岸,きし
芽,め
相変わらず,あいかわらず
真理,しんり
深夜,しんや
展示,てんじ
当たり前,あたりまえ
今晩,こんばん
申し上げる,もうしあげる
消化,しょうか
宝,たから
続き,つづき
目安,めやす
無限,むげん
市役所,しやくしょ
大雨,おおあめ
論争,ろんそう
暖房,だんぼう
取引,とりひき
重力,じゅうりょく
妙,みょう
紅葉,こうよう
一流,いちりゅう
誇り,ほこり
,ビデオ
十月,じゅうがつ
思い出す,おもいだす
汗,あせ
人格,じんかく
逆,ぎゃく
果たして,はたして
明かり,あかり
戦う,たたかう
塊,かたまり
初期,しょき
役,やく
折る,おる
骨,ほね
何より,なにより
奥様,おくさま
糸,いと
匂い,におい
体,からだ
発,はつ
,いる
真剣,しんけん
両手,りょうて
至る,いたる
防衛,ぼうえい
,くらい
筒,つつ
意向,いこう
今すぐ,いますぐ
巡る,めぐる
見つめる,みつめる
釣る,つる
人材,じんざい
撃つ,うつ
生地,きじ
雌,めす
波,なみ
,めちゃくちゃ
空,から
名字,みょうじ
耐える,たえる
真っ白,まっしろ
電波,でんぱ
様々,さまざま
遅れ,おくれ
所,ところ
,ずいぶん
産む,うむ
成り立つ,なりたつ
引き出し,ひきだし
戸,と
締め切り,しめきり
,やめる
六月,ろくがつ
羽根,はね
,おかず
瓶,びん
車両,しゃりょう
,バラ
缶詰,かんづめ
,しょうゆ
足元,あしもと
,もともと
止まる,とまる
四月,しがつ
受付,うけつけ
,はがき
,それでは
,あー
無駄遣い,むだづかい
小川,おがわ
一ヶ月,いっかげつ
,できる
,ペン
危ない,あぶない
,テーブル
,タクシー
,コピー
,レコード
親しい,したしい
治る,なおる
,コート
,グループ
人民,じんみん
,パート
,ホーム
人事,じんじ
改札,かいさつ
,うち
筋,すじ
牧場,ぼくじょう
差す,さす
,あふれる
緊急,きんきゅう
重点,じゅうてん
交代,こうたい
,ベル
漁業,ぎょぎょう
門,かど
,データ
裏切る,うらぎる
在学,ざいがく
学力,がくりょく
,ようこそ
報酬,ほうしゅう
,カレンダー
記号,きごう
,だけど
昨年,さくねん
白書,はくしょ
,デザイン
倒産,とうさん
構想,こうそう
尊重,そんちょう
正義,せいぎ
守備,しゅび
細胞,さいぼう
全て,すべて
好み,このみ
農村,のうそん
三角,さんかく
解除,かいじょ
大臣,だいじん
内科,ないか
講堂,こうどう
用事,ようじ
大量,たいりょう
宿泊,しゅくはく
大木,たいぼく
名所,めいしょ
,メモ
挨拶,あいさつ
俳句,はいく
敷地,しきち
分布,ぶんぷ
,メーカー
,まるで
変動,へんどう
両側,りょうがわ
骨折,こっせつ
会合,かいごう
産地,さんち
,いちいち
詰まる,つまる
,ミス
拡張,かくちょう
入国,にゅうこく
,も
文献,ぶんけん
名作,めいさく
食物,しょくもつ
会館,かいかん
十一,じゅういち
極端,きょくたん
県庁,けんちょう
,バランス
相続,そうぞく
進化,しんか
予測,よそく
接触,せっしょく
一員,いちいん
お宅,おたく
感染,かんせん
味わう,あじわう
特有,とくゆう
,すっかり
校舎,こうしゃ
決心,けっしん
,パターン
支給,しきゅう
見物,けんぶつ
公正,こうせい
特許,とっきょ
調理,ちょうり
外見,がいけん
法人,ほうじん
足す,たす
不良,ふりょう
雇う,やとう
次回,じかい
生前,せいぜん
友好,ゆうこう
比例,ひれい
体調,たいちょう
,や
類似,るいじ
後方,こうほう
今に,いまに
黙る,だまる
紫,むらさき
灰色,はいいろ
人名,じんめい
枯れる,かれる
列島,れっとう
高層,こうそう
強める,つよめる
大金,たいきん
教養,きょうよう
到達,とうたつ
扉,とびら
施行,しこう
傘,かさ
述べる,のべる
,ママ
少数,しょうすう
下旬,げじゅん
翌日,よくじつ
,ステレオ
店,てん
保つ,たもつ
,パーセント
芸能,げいのう
見送り,みおくり
,そこ
要る,いる
疲れ,つかれ
抗議,こうぎ
,クラブ
内閣,ないかく
主任,しゅにん
体操,たいそう
著書,ちょしょ
果たす,はたす
級,きゅう
話し合い,はなしあい
水平,すいへい
朝食,ちょうしょく
液体,えきたい
外来,がいらい
支える,ささえる
対処,たいしょ
捕まえる,つかまえる
立体,りったい
不便,ふべん
通路,つうろ
下水,げすい
階級,かいきゅう
封筒,ふうとう
国有,こくゆう
苦情,くじょう
洪水,こうずい
衣装,いしょう
役に立つ,やくにたつ
会談,かいだん
薬品,やくひん
彫刻,ちょうこく
,もうすぐ
避難,ひなん
配慮,はいりょ
微妙,びみょう
天然水,てんねんすい
三年生,さんねんせい
裁判官,さいばんかん
娘さん,むすめさん
明らかにする,あきらかにする
明らかになる,あきらかになる
,しかない
,このぐらい
,プロジェクト
発揮,はっき
中旬,ちゅうじゅん
何度,なんど
早朝,そうちょう
掲げる,かかげる
強引,ごういん
同,どう
幸運,こううん
混雑,こんざつ
監視,かんし
騒音,そうおん
,ことがある
女房,にょうぼう
深める,ふかめる
曲,きょく
解答,かいとう
工夫,くふう
十四,じゅうよん
群れ,むれ
次々,つぎつぎ
相違,そうい
直線,ちょくせん
実習,じっしゅう
握手,あくしゅ
血管,けっかん
無人,むじん
神話,しんわ
生える,はえる
,マッチ
近畿,きんき
無線,むせん
,ポスター
車庫,しゃこ
交付,こうふ
海上,かいじょう
参議院,さんぎいん
審判,しんぱん
全く,まったく
豚肉,ぶたにく
南極,なんきょく
水田,すいでん
武士,ぶし
公害,こうがい
食卓,しょくたく
,プラン
海峡,かいきょう
細かい,こまかい
,おしゃれ
逃げる,にげる
小学,しょうがく
地形,ちけい
浅い,あさい
未定,みてい
底,そこ
限度,げんど
衝撃,しょうげき
印刷物,いんさつぶつ
古典,こてん
祈り,いのり
技,わざ
衛生,えいせい
総会,そうかい
不況,ふきょう
,ば
,ボタン
,そちら
軸,じく
繊維,せんい
知能,ちのう
暮れ,くれ
最悪,さいあく
手元,てもと
上空,じょうくう
身近,みぢか
同士,どうし
外側,そとがわ
本店,ほんてん
お店,おみせ
,エアコン
兵器,へいき
決断,けつだん
方式,ほうしき
青少年,せいしょうねん
構う,かまう
,ううん
順位,じゅんい
破産,はさん
,これこそ
結合,けつごう
地味,じみ
訪れる,おとずれる
伸ばす,のばす
,ことにする
領土,りょうど
主演,しゅえん
点数,てんすう
年末,ねんまつ
畳,たたみ
,まま
手足,てあし
見本,みほん
通貨,つうか
吹く,ふく
秩序,ちつじょ
折,おり
天体,てんたい
紳士,しんし
お正月,おしょうがつ
柔軟,じゅうなん
刑,けい
煮る,にる
実感,じっかん
訴訟,そしょう
世帯,せたい
好調,こうちょう
全集,ぜんしゅう
命じる,めいじる
袋,ふくろ
何も,なにも
,ほぼ
割引券,わりびきけん
漬ける,つける
騒ぎ,さわぎ
書籍,しょせき
寮,りょう
水素,すいそ
正解,せいかい
直通,ちょくつう
原作,げんさく
,そもそも
真相,しんそう
合成,ごうせい
手帳,てちょう
理事,りじ
対抗,たいこう
円高,えんだか
効力,こうりょく
,キロ
実践,じっせん
進める,すすめる
,ベスト
調節,ちょうせつ
画像,がぞう
国産,こくさん
持ち上げる,もちあげる
同居,どうきょ
研究所,けんきゅうしょ
行使,こうし
注ぐ,そそぐ
狙い,ねらい
賞金,しょうきん
出力,しゅつりょく
転勤,てんきん
今まで,いままで
保守,ほしゅ
雨天,うてん
見込み,みこみ
方々,かたがた
衣服,いふく
,って
主人,しゅじん
先祖,せんぞ
,バッグ
本書,ほんしょ
旅客,りょかく
物資,ぶっし
寺院,じいん
追放,ついほう
本屋,ほんや
薬局,やっきょく
原稿,げんこう
航空券,こうくうけん
,びっくり
動力,どうりょく
生涯,しょうがい
,どなた
動員,どういん
効く,きく
仕様,しよう
,ペット
経歴,けいれき
左側,ひだりがわ
,リズム
後期,こうき
御,ご
迎える,むかえる
虎,とら
看護,かんご
孤独,こどく
,よろしく
学歴,がくれき
資本主義,しほんしゅぎ
,ショック
地面,じめん
天才,てんさい
十九,じゅうきゅう
気圧,きあつ
親しむ,したしむ
節約,せつやく
天気予報,てんきよほう
間接,かんせつ
右側,みぎがわ
動機,どうき
両者,りょうしゃ
,ね
中日,ちゅうにち
家内,かない
商社,しょうしゃ
侵入,しんにゅう
権威,けんい
,いたずら
弱点,じゃくてん
行い,おこない
泊まる,とまる
悪口,わるくち
噴火,ふんか
他方,たほう
用紙,ようし
通り,どおり
役人,やくにん
泥,どろ
調和,ちょうわ
株,かぶ
創立,そうりつ
感心,かんしん
沖,おき
弟子,でし
起源,きげん
更新,こうしん
気象,きしょう
満ちる,みちる
野外,やがい
組長,くみちょう
,それとも
刻む,きざむ
素人,しろうと
自ら,みずから
鑑賞,かんしょう
自立,じりつ
過ぎる,すぎる
踏切,ふみきり
間隔,かんかく
害,がい
大地,だいち
不在,ふざい
正面,しょうめん
研修,けんしゅう
筋肉,きんにく
調べ,しらべ
欄,らん
唇,くちびる
確信,かくしん
割引,わりびき
秘書,ひしょ
固める,かためる
公認,こうにん
水産,すいさん
敗戦,はいせん
武装,ぶそう
除く,のぞく
,アニメ
爪,つめ
文芸,ぶんげい
売れる,うれる
脱出,だっしゅつ
並み,なみ
承知,しょうち
癖,くせ
解消,かいしょう
赤道,せきどう
人質,ひとじち
私鉄,してつ
対決,たいけつ
,ズボン
抑制,よくせい
雷,かみなり
,コップ
近年,きんねん
布,ぬの
闇,やみ
追い込む,おいこむ
欲望,よくぼう
羽,わ
出世,しゅっせ
組み込む,くみこむ
英雄,えいゆう
ドイツ語,ドイツご
迷子,まいご
制約,せいやく
居住,きょじゅう
勘違い,かんちがい
実家,じっか
根,ね
無口,むくち
創造,そうぞう
自覚,じかく
克服,こくふく
正当,せいとう
傍ら,かたわら
職務,しょくむ
,マラソン
,いつまでも
,アフリカ
ご存じ,ごぞんじ
高原,こうげん
情勢,じょうせい
冷凍,れいとう
訳,わけ
並べる,ならべる
決算,けっさん
勝手,かって
収まる,おさまる
回路,かいろ
診察,しんさつ
排除,はいじょ
中東,ちゅうとう
沈む,しずむ
合図,あいず
,すぎ
州,しゅう
器具,きぐ
,みる
加速,かそく
分,ぶん
劣る,おとる
戦前,せんぜん
冒頭,ぼうとう
,なし
,セーター
悲しみ,かなしみ
評論,ひょうろん
時差,じさ
幼い,おさない
善,ぜん
城,しろ
,アジア
頻繁,ひんぱん
究極,きゅうきょく
交差点,こうさてん
失望,しつぼう
爆弾,ばくだん
戦闘,せんとう
疑い,うたがい
,こう
膨大,ぼうだい
衣食住,いしょくじゅう
興奮,こうふん
伴う,ともなう
交わす,かわす
紛争,ふんそう
苦い,にがい
次ぐ,つぐ
死去,しきょ
差し上げる,さしあげる
,そうです
強烈,きょうれつ
小山,こやま
上旬,じょうじゅん
,ピン
近郊,きんこう
他,ほか
着せる,きせる
緩和,かんわ
陽,よう
求める,もとめる
事項,じこう
執筆,しっぴつ
,レンズ
頭痛,ずつう
人権,じんけん
消しゴム,けしゴム
,きつい
軍,ぐん
預かる,あずかる
,たった
決議,けつぎ
,だいきらい
連邦,れんぽう
,わがまま
,ちゃん
配布,はいふ
水着,みずぎ
幅広い,はばひろい
無効,むこう
外れる,はずれる
,あり
受け取る,うけとる
手法,しゅほう
祝う,いわう
鉄,てつ
,おかげ
中毒,ちゅうどく
西洋人,せいようじん
,なす
庁,ちょう
,ベンチ
一昨日,おととい
時速,じそく
進路,しんろ
蓋,ふた
小売,こうり
端,はし
為,ため
間違う,まちがう
五分,ごぶ
繁栄,はんえい
室内,しつない
枚数,まいすう
突破,とっぱ
呼び出す,よびだす
元首,げんしゅ
大通り,おおどおり
中断,ちゅうだん
増す,ます
官庁,かんちょう
制覇,せいは
峰,みね
,ハイキング
警戒,けいかい
誰か,だれか
居間,いま
植える,うえる
摩擦,まさつ
この頃,このごろ
終電,しゅうでん
南アフリカ,みなみアフリカ
告白,こくはく
切り,きり
豆,まめ
育成,いくせい
,くせに
,そうですね
翼,つばさ
号,ごう
,いらっしゃい
生年月日,せいねんがっぴ
通用,つうよう
無数,むすう
散る,ちる
青空,あおぞら
道場,どうじょう
通す,とおす
認可,にんか
名誉,めいよ
偉い,えらい
架空,かくう
記す,しるす
,ジャム
観点,かんてん
分裂,ぶんれつ
建てる,たてる
日帰り,ひがえり
収容,しゅうよう
分割,ぶんかつ
京都,きょうと
一日,いちにち
鐘,かね
健全,けんぜん
億,おく
美容,びよう
運輸,うんゆ
紡績,ぼうせき
預金,よきん
造船,ぞうせん
お礼,おれい
工芸,こうげい
暗殺,あんさつ
仏教,ぶっきょう
好意,こうい
北京,ペキン
両替,りょうがえ
分散,ぶんさん
氷,こおり
名高い,なだかい
市立,しりつ
終点,しゅうてん
兼ねる,かねる
驚く,おどろく
望み,のぞみ
,タレント
一人暮らし,ひとりぐらし
研究室,けんきゅうしつ
給与,きゅうよ
祖先,そせん
夕日,ゆうひ
客席,きゃくせき
四十代,よんじゅうだい
額,がく
上映,じょうえい
仲,なか
,おはよう
見舞い,みまい
幕,まく
使い,つかい
頂点,ちょうてん
,そっくり
長大,ちょうだい
小麦,こむぎ
杉,すぎ
同盟,どうめい
夢中,むちゅう
正規,せいき
外観,がいかん
騒動,そうどう
満点,まんてん
踊る,おどる
高山,こうざん
移行,いこう
不要,ふよう
排気,はいき
継ぐ,つぐ
彼ら,かれら
京阪,けいはん
国防,こくぼう
原点,げんてん
同期,どうき
上位,じょうい
抽選,ちゅうせん
世論,よろん
歳,さい
,けど
上演,じょうえん
固有,こゆう
黒字,くろじ
,マスコミ
趣旨,しゅし
飾り,かざり
走行,そうこう
遠慮,えんりょ
縛る,しばる
試し,ためし
黒板,こくばん
野党,やとう
独占,どくせん
,さっき
正,せい
恐れる,おそれる
仕上げ,しあげ
勝敗,しょうはい
合理,ごうり
水,すい
敵,てき
告げる,つげる
緑色,みどりいろ
食器,しょっき
,うどん
中小,ちゅうしょう
母校,ぼこう
格差,かくさ
余地,よち
刊行,かんこう
脚本,きゃくほん
首脳,しゅのう
沿岸,えんがん
学園,がくえん
法学,ほうがく
開通,かいつう
大衆,たいしゅう
偏見,へんけん
区間,くかん
半径,はんけい
停留所,ていりゅうじょ
着替える,きがえる
表示,ひょうじ
,ぶつかる
七月,しちがつ
操縦,そうじゅう
怪しい,あやしい
,いわば
設ける,もうける
半月,はんつき
表す,あらわす
原爆,げんばく
驚き,おどろき
体質,たいしつ
余計,よけい
病む,やむ
苦しむ,くるしむ
三人,さんにん
,ドレス
木材,もくざい
餌,えさ
記載,きさい
水上,すいじょう
次第に,しだいに
創作,そうさく
,ポイント
絵本,えほん
七十,ななじゅう
相場,そうば
強さ,つよさ
市長,しちょう
出現,しゅつげん
貴族,きぞく
始発,しはつ
電源,でんげん
閉める,しめる
一連,いちれん
転換,てんかん
風船,ふうせん
脂肪,しぼう
外食,がいしょく
短縮,たんしゅく
本土,ほんど
掘る,ほる
勝ち,かち
木綿,もめん
任命,にんめい
曲線,きょくせん
河川,かせん
時点,じてん
織る,おる
大手,おおて
著名,ちょめい
循環,じゅんかん
五月,ごがつ
汚す,よごす
百貨店,ひゃっかてん
果実,かじつ
冷える,ひえる
,イメージ
有能,ゆうのう
占領,せんりょう
衆議院,しゅうぎいん
十六,じゅうろく
中でも,なかでも
出,で
,まっすぐ
一月,いちがつ
お願いします,おねがいします
数値,すうち
同年,どうねん
従う,したがう
懐かしい,なつかしい
園,その
乾かす,かわかす
食欲,しょくよく
,スタンド
,ダム
余暇,よか
保管,ほかん
花嫁,はなよめ
一周,いっしゅう
対談,たいだん
並木,なみき
膨らむ,ふくらむ
様式,ようしき
垂直,すいちょく
車内,しゃない
劇団,げきだん
推測,すいそく
米国,べいこく
振興,しんこう
複合,ふくごう
物,もの
活字,かつじ
井戸,いど
金色,きんいろ
句,く
広大,こうだい
問屋,とんや
必ずしも,かならずしも
復帰,ふっき
背広,せびろ
生長,せいちょう
車輪,しゃりん
着手,ちゃくしゅ
聖書,せいしょ
新築,しんちく
,スウェーデン
尽くす,つくす
飛行,ひこう
愛する,あいする
申し込み,もうしこみ
,くり
下宿,げしゅく
,チェック
開店,かいてん
軌道,きどう
,つばめ
元年,がんねん
灰皿,はいざら
的確,てきかく
為替,かわせ
遠く,とおく
二月,にがつ
形態,けいたい
返済,へんさい
に関する,にかんする
,あちこち
代行,だいこう
召し上がる,めしあがる
超過,ちょうか
重さ,おもさ
目,め
生理,せいり
半日,はんにち
錠,じょう
助教授,じょきょうじゅ
素早い,すばやい
稼ぐ,かせぐ
辞める,やめる
移民,いみん
黄金,おうごん
判事,はんじ
打撃,だげき
跡,あと
公衆,こうしゅう
審査,しんさ
放棄,ほうき
,ゴム
月間,げっかん
気配,けはい
問答,もんどう
完了,かんりょう
取れる,とれる
土産,みやげ
警備,けいび
真っ暗,まっくら
違法,いほう
,おかげで
公務員,こうむいん
西暦,せいれき
年長,ねんちょう
従事,じゅうじ
等しい,ひとしい
届く,とどく
度々,たびたび
鳴く,なく
一段,いちだん
申し込む,もうしこむ
着陸,ちゃくりく
墓地,ぼち
支度,したく
元来,がんらい
浮かぶ,うかぶ
快適,かいてき
誠に,まことに
一本,いっぽん
社名,しゃめい
一帯,いったい
立法,りっぽう
,デモ
当てる,あてる
開設,かいせつ
,サイズ
突っ込む,つっこむ
十二,じゅうに
川上,かわかみ
作物,さくもつ
区画,くかく
新年,しんねん
付録,ふろく
不通,ふつう
関与,かんよ
妨害,ぼうがい
品種,ひんしゅ
未満,みまん
親指,おやゆび
前期,ぜんき
理念,りねん
大名,だいみょう
提携,ていけい
司法,しほう
引き取る,ひきとる
課税,かぜい
絹,きぬ
手順,てじゅん
招く,まねく
簡易,かんい
国王,こくおう
下す,くだす
外人,がいじん
入賞,にゅうしょう
合唱,がっしょう
勘定,かんじょう
入試,にゅうし
年寄り,としより
媒体,ばいたい
閉鎖,へいさ
演習,えんしゅう
野生,やせい
陽気,ようき
我が国,わがくに
運行,うんこう
追跡,ついせき
,コンビニ
,なくなる
,あっ
式,しき
日日,ひにち
足跡,あしあと
同等,どうとう
,か
賃金,ちんぎん
芝生,しばふ
指す,さす
,いただく
法,ほう
皮肉,ひにく
終始,しゅうし
外相,がいしょう
燃やす,もやす
祈る,いのる
統治,とうち
伸びる,のびる
水面,すいめん
倒す,たおす
版,はん
長時間,ちょうじかん
,ワイシャツ
由来,ゆらい
暫定,ざんてい
昇進,しょうしん
,う
印,しるし
貧困,ひんこん
上陸,じょうりく
短大,たんだい
送金,そうきん
,たち
手首,てくび
金利,きんり
銃,じゅう
家計,かけい
解剖,かいぼう
嘘,うそ
金持ち,かねもち
水族館,すいぞくかん
店舗,てんぽ
真珠,しんじゅ
修了,しゅうりょう
譲る,ゆずる
左手,ひだりて
圧縮,あっしゅく
お客様,おきゃくさま
庶民,しょみん
,そば
粋,いき
仲良く,なかよく
発作,ほっさ
励ます,はげます
,グラフ
診療,しんりょう
化石,かせき
上げ,あげ
富,とみ
お大事に,おだいじに
掲示,けいじ
強気,つよき
県立,けんりつ
,りん
出場,しゅつじょう
官僚,かんりょう
扱い,あつかい
辞職,じしょく
電流,でんりゅう
疲労,ひろう
袖,そで
何十,なんじゅう
登校,とうこう
負傷,ふしょう
恩,おん
望ましい,のぞましい
離す,はなす
十五,じゅうご
持ち,もち
,おやつ
視野,しや
笛,ふえ
,サボる
同級生,どうきゅうせい
収支,しゅうし
放置,ほうち
最適,さいてき
,うち
用品,ようひん
経緯,いきさつ
原子,げんし
介護,かいご
貝,かい
噂,うわさ
空間,くうかん
酸化,さんか
国交,こっこう
損失,そんしつ
童話,どうわ
無用,むよう
夕飯,ゆうはん
救援,きゅうえん
週刊,しゅうかん
過剰,かじょう
十三,じゅうさん
当局,とうきょく
発掘,はっくつ
瞳,ひとみ
滝,たき
,スーパー
予選,よせん
論じる,ろんじる
沿い,ぞい
,かも
番,ばん
祝い,いわい
清掃,せいそう
陸上,りくじょう
党,とう
欠陥,けっかん
欲,よく
制御,せいぎょ
再開,さいかい
及ぼす,およぼす
学術,がくじゅつ
回る,まわる
三十,さんじゅう
小型,こがた
抱く,いだく
,だって
三男,さんなん
丘,おか
泡,あわ
技能,ぎのう
和風,わふう
航海,こうかい
賠償,ばいしょう
,など
定価,ていか
誇る,ほこる
死刑,しけい
喧嘩,けんか
縦,たて
幼稚園,ようちえん
養成,ようせい
植木,うえき
可決,かけつ
,では
買収,ばいしゅう
休養,きゅうよう
背後,はいご
園芸,えんげい
振動,しんどう
余る,あまる
気味,きみ
協会,きょうかい
片道,かたみち
,ごちそう
出題,しゅつだい
,ビタミン
扇,おうぎ
生,なま
鮮やか,あざやか
向く,むく
拍手,はくしゅ
持参,じさん
過半数,かはんすう
地主,じぬし
洗剤,せんざい
約,やく
目覚まし時計,めざましとけい
良好,りょうこう
志,こころざし
女学校,じょがっこう
対照,たいしょう
得点,とくてん
一斉,いっせい
火力,かりょく
市街,しがい
一年,いちねん
見舞う,みまう
展望,てんぼう
将軍,しょうぐん
移住,いじゅう
革新,かくしん
補給,ほきゅう
同情,どうじょう
南部,なんぶ
絶望,ぜつぼう
空,そら
公平,こうへい
襲撃,しゅうげき
菓子,かし
転がる,ころがる
,まし
辞任,じにん
出入り,でいり
気体,きたい
,えり
墜落,ついらく
反乱,はんらん
十八,じゅうはち
水気,みずけ
交互,こうご
武力,ぶりょく
礼儀,れいぎ
本音,ほんね
依存,いぞん
定着,ていちゃく
母子,ぼし
引き起こす,ひきおこす
,だし
,いかん
出血,しゅっけつ
担任,たんにん
自衛,じえい
音色,ねいろ
肝心,かんじん
体温,たいおん
,さすが
,エスカレーター
優れる,すぐれる
,リボン
北部,ほくぶ
浮かべる,うかべる
一気に,いっきに
,たか
郡,ぐん
本格,ほんかく
停電,ていでん
毛布,もうふ
持続,じぞく
触れる,ふれる
投入,とうにゅう
虹,にじ
討論,とうろん
創刊,そうかん
賭け,かけ
履歴書,りれきしょ
宅,たく
,ジャンプ
日ごろ,ひごろ
喜劇,きげき
聞かす,きかす
争う,あらそう
柄,がら
日数,にっすう
,ジャズ
全力,ぜんりょく
万人,ばんにん
共和,きょうわ
未知,みち
承諾,しょうだく
系列,けいれつ
太鼓,たいこ
姉さん,ねえさん
営む,いとなむ
角,かく
,かなり
侵略,しんりゃく
株主,かぶぬし
引き分け,ひきわけ
中高,ちゅうこう
稽古,けいこ
革,かわ
分け,わけ
朝刊,ちょうかん
船舶,せんぱく
海水,かいすい
共有,きょうゆう
住,じゅう
分校,ぶんこう
誘導,ゆうどう
米,こめ
毛皮,けがわ
沖縄,おきなわ
,ハンカチ
証券,しょうけん
台湾,たいわん
省略,しょうりゃく
原始,げんし
,ヒント
広める,ひろめる
順序,じゅんじょ
言論,げんろん
税関,ぜいかん
,なん
,こなす
想定,そうてい
与党,よとう
,クイズ
不十分,ふじゅうぶん
味噌,みそ
稲,いね
給食,きゅうしょく
発着,はっちゃく
権,けん
中途,ちゅうと
自国,じこく
,ブーツ
,ダイヤ
結晶,けっしょう
他,た
阻止,そし
穀物,こくもつ
,あご
片手,かたて
通話,つうわ
犯す,おかす
腐る,くさる
返還,へんかん
総理,そうり
推奨,すいしょう
二年,にねん
生死,せいし
本棚,ほんだな
逃れる,のがれる
入口,いりぐち
,メッセージ
色彩,しきさい
発する,はっする
滑る,すべる
盗難,とうなん
配分,はいぶん
,メディア
電灯,でんとう
,ぬいぐるみ
一面,いちめん
執行,しっこう
筆者,ひっしゃ
日本人,にほんじん
強行,きょうこう
高齢,こうれい
認める,みとめる
史上,しじょう
適応,てきおう
待遇,たいぐう
洋画,ようが
お前,おまえ
五十,ごじゅう
展覧会,てんらんかい
行進,こうしん
抜ける,ぬける
並行,へいこう
宿,やど
沈黙,ちんもく
勘,かん
緩やか,ゆるやか
東海,とうかい
,コミュニケーション
飼育,しいく
,たっぷり
,トランプ
,せる
編成,へんせい
補償,ほしょう
敬意,けいい
始末,しまつ
華やか,はなやか
大胆,だいたん
敏感,びんかん
曲げる,まげる
申し訳,もうしわけ
現役,げんえき
日本語,にほんご
選出,せんしゅつ
,ジャケット
占める,しめる
不当,ふとう
認定,にんてい
長所,ちょうしょ
制,せい
蓄積,ちくせき
何でも,なんでも
促す,うながす
使命,しめい
小人,しょうにん
,だらしない
,オリンピック
暴れる,あばれる
名目,めいもく
八十,はちじゅう
崩す,くずす
無言,むごん
西部,せいぶ
信,しん
曖昧,あいまい
脱退,だったい
裾,すそ
退学,たいがく
密度,みつど
王女,おうじょ
主権,しゅけん
,なし
届ける,とどける
,のんびり
見下ろす,みおろす
嬉しい,うれしい
迷う,まよう
運河,うんが
片方,かたほう
再度,さいど
適度,てきど
信者,しんじゃ
施す,ほどこす
演じる,えんじる
四十,よんじゅう
改組,かいそ
整う,ととのう
画面,がめん
別,べつ
出土,しゅつど
抜く,ぬく
最強,さいきょう
体格,たいかく
実質,じっしつ
缶,かん
弁護,べんご
不服,ふふく
二重,にじゅう
硬貨,こうか
法案,ほうあん
柱,はしら
香港,ほんこん
正体,しょうたい
謝罪,しゃざい
追及,ついきゅう
証言,しょうげん
言動,げんどう
属する,ぞくする
測量,そくりょう
出国,しゅっこく
,ああ
月刊,げっかん
峠,とうげ
判明,はんめい
代名詞,だいめいし
,センチ
同社,どうしゃ
光線,こうせん
人柄,ひとがら
共感,きょうかん
現行,げんこう
,モーター
王国,おうこく
平気,へいき
前向き,まえむき
野心,やしん
後日,ごじつ
種目,しゅもく
,スリッパ
着工,ちゃっこう
挿絵,さしえ
真夏,まなつ
,じっと
分担,ぶんたん
仮定,かてい
炎,ほのお
標識,ひょうしき
新規,しんき
管轄,かんかつ
音声,おんせい
越す,こす
感激,かんげき
お土産,おみやげ
埋める,うめる
勤労,きんろう
巻き込む,まきこむ
運転手,うんてんしゅ
,アンテナ
文庫,ぶんこ
付き合い,つきあい
繁殖,はんしょく
傑作,けっさく
辞退,じたい
不振,ふしん
詐欺,さぎ
海軍,かいぐん
装飾,そうしょく
代える,かえる
支社,ししゃ
内陸,ないりく
票,ひょう
,いきなり
時折,ときおり
例える,たとえる
三時,さんじ
横綱,よこづな
合間,あいま
捕らえる,とらえる
周期,しゅうき
乏しい,とぼしい
,し
動詞,どうし
,だんだん
描写,びょうしゃ
拘束,こうそく
模型,もけい
生殖,せいしょく
教わる,おそわる
,コーナー
絶滅,ぜつめつ
本能,ほんのう
実情,じつじょう
役場,やくば
顧客,こきゃく
気まぐれ,きまぐれ
四年,よねん
解体,かいたい
捜索,そうさく
学院,がくいん
鉱山,こうざん
協定,きょうてい
望遠鏡,ぼうえんきょう
東部,とうぶ
伝達,でんたつ
,だて
浜,はま
,トラブル
消息,しょうそく
及び,および
九州,きゅうしゅう
堀,ほり
迎え,むかえ
役員,やくいん
関税,かんぜい
婿,むこ
昆虫,こんちゅう
紙幣,しへい
秒,びょう
反射,はんしゃ
金庫,きんこ
,つまむ
梅雨,つゆ
封,ふう
銀座,ぎんざ
戦車,せんしゃ
落下,らっか
分配,ぶんぱい
王,おう
,ぴったり
輪,わ
,ハンバーガー
徒歩,とほ
国人,こくじん
東南,とうなん
同日,どうじつ
六十,ろくじゅう
江戸,えど
閲覧,えつらん
暖かい,あたたかい
雄,おす
,そう
戸籍,こせき
鳴らす,ならす
念,ねん
人員,じんいん
鉱物,こうぶつ
,じゃありません
南下,なんか
重複,ちょうふく
名付ける,なづける
,バカ
北極,ほっきょく
頭脳,ずのう
体育館,たいいくかん
理学,りがく
懸念,けねん
規格,きかく
賞品,しょうひん
開拓,かいたく
処置,しょち
下降,かこう
容姿,ようし
装備,そうび
誓う,ちかう
農場,のうじょう
煙突,えんとつ
田園,でんえん
検事,けんじ
集計,しゅうけい
,すずめ
例年,れいねん
日米,にちべい
果てる,はてる
有,ゆう
過失,かしつ
溺れる,おぼれる
,おまわりさん
合宿,がっしゅく
助け,たすけ
助言,じょげん
,スタジオ
残酷,ざんこく
一日中,いちにちじゅう
真っ先,まっさき
入浴,にゅうよく
我が,わが
反論,はんろん
,わざと
閉会,へいかい
出迎え,でむかえ
頭,あたま
痩せる,やせる
本番,ほんばん
排水,はいすい
放つ,はなつ
,コック
慌てる,あわてる
中立,ちゅうりつ
食糧,しょくりょう
要領,ようりょう
申告,しんこく
戦場,せんじょう
後悔,こうかい
四方,しほう
法廷,ほうてい
山間,さんかん
手本,てほん
球,きゅう
加盟,かめい
別名,べつめい
堤防,ていぼう
都道府県,とどうふけん
湿度,しつど
琴,こと
利害,りがい
歯医者,はいしゃ
義理,ぎり
代用,だいよう
車掌,しゃしょう
,うまい
信念,しんねん
,ジーンズ
密接,みっせつ
提示,ていじ
下位,かい
消滅,しょうめつ
,アウト
語り,かたり
入門,にゅうもん
真空,しんくう
,しかし
羨ましい,うらやましい
冷ややか,ひややか
表記,ひょうき
奨励,しょうれい
冬季,とうき
方程式,ほうていしき
静止,せいし
入る,いる
対等,たいとう
閉店,へいてん
進展,しんてん
抹消,まっしょう
続々,ぞくぞく
採点,さいてん
郵送,ゆうそう
照らす,てらす
訴え,うったえ
反する,はんする
,コンタクト
発射,はっしゃ
枕,まくら
真似,まね
炎上,えんじょう
,なさい
,ようになる
蒸気,じょうき
表明,ひょうめい
農地,のうち
含める,ふくめる
制裁,せいさい
厳重,げんじゅう
,きょう
不動産,ふどうさん
子会社,こがいしゃ
,すべき
早期,そうき
競馬,けいば
補強,ほきょう
冷やす,ひやす
都立,とりつ
当事者,とうじしゃ
前もって,まえもって
還元,かんげん
,ささやか
便り,たより
書記,しょき
日向,ひなた
青山,せいざん
夜行,やこう
汎用,はんよう
木造,もくぞう
鉛,なまり
人,じん
総数,そうすう
気楽,きらく
意地悪,いじわる
総裁,そうさい
多大,ただい
誕生日,たんじょうび
売り場,うりば
拝む,おがむ
,つながる
放る,ほうる
二階,にかい
遮断,しゃだん
反撃,はんげき
名刺,めいし
本山,ほんざん
触媒,しょくばい
取得,しゅとく
骨髄,こつずい
自社,じしゃ
北方,ほっぽう
何千,なんぜん
地価,ちか
孤立,こりつ
早口,はやくち
放出,ほうしゅつ
絶頂,ぜっちょう
蛇,へび
栄誉,えいよ
王者,おうじゃ
事柄,ことがら
限り,かぎり
移植,いしょく
番地,ばんち
津波,つなみ
,いっそのこと
,だが
所在,しょざい
連盟,れんめい
固体,こたい
飛び込む,とびこむ
,ふと
探検,たんけん
個,こ
一週間,いっしゅうかん
濃度,のうど
空想,くうそう
山脈,さんみゃく
区役所,くやくしょ
愚か,おろか
気質,きしつ
止める,とめる
塩辛い,しおからい
二階建て,にかいだて
前,ぜん
巨人,きょじん
混合,こんごう
,ごみ
称する,しょうする
選考,せんこう
独裁,どくさい
市販,しはん
遂げる,とげる
公私,こうし
金魚,きんぎょ
逃走,とうそう
小国,しょうこく
一大,いちだい
鉄板,てっぱん
沿う,そう
,もたらす
任意,にんい
学名,がくめい
巡査,じゅんさ
用心,ようじん
和平,わへい
挑発,ちょうはつ
像,ぞう
本館,ほんかん
値,あたい
変換,へんかん
,なぜなら
歯車,はぐるま
旋回,せんかい
,まさか
花瓶,かびん
干す,ほす
白鳥,はくちょう
勤め,つとめ
流域,りゅういき
生き物,いきもの
,やばい
特権,とっけん
顕彰,けんしょう
把握,はあく
燃焼,ねんしょう
電球,でんきゅう
風俗,ふうぞく
,それぞれ
連れ,つれ
存じる,ぞんじる
次元,じげん
母国,ぼこく
統制,とうせい
徹夜,てつや
,すぐ
受信,じゅしん
活気,かっき
乳,ちち
決まり,きまり
示唆,しさ
,いたす
多く,おおく
字,じ
,ついてる
民法,みんぽう
和解,わかい
係,かかり
敗北,はいぼく
火星,かせい
富む,とむ
傾斜,けいしゃ
逆転,ぎゃくてん
肥,こえ
賢い,かしこい
法的,ほうてき
理性,りせい
目下,めした
家出,いえで
豆腐,とうふ
潮,しお
,マスター
,す
従属,じゅうぞく
付き,つき
自粛,じしゅく
青木,あおき
上場,じょうじょう
原油,げんゆ
折れる,おれる
晩年,ばんねん
機体,きたい
衣料,いりょう
空軍,くうぐん
利点,りてん
国旗,こっき
通,つう
,ありがたい
脳,のう
,いよいよ
探る,さぐる
新興,しんこう
細菌,さいきん
軍人,ぐんじん
防御,ぼうぎょ
出来高,できだか
英和,えいわ
干渉,かんしょう
,どこにもない
遊園地,ゆうえんち
沸かす,わかす
,じゃがいも
包装,ほうそう
四角い,しかくい
酷似,こくじ
異動,いどう
凍る,こおる
訂正,ていせい
赴任,ふにん
,かけっこ
気軽,きがる
盆,ぼん
引き出す,ひきだす
,きりがない
虫歯,むしば
乾杯,かんぱい
啓発,けいはつ
新婚,しんこん
配列,はいれつ
屋外,おくがい
詩,し
,クラシック
天ぷら,てんぷら
福,ふく
皆様,みなさま
土台,どだい
矢,や
塀,へい
事例,じれい
役立つ,やくだつ
肺,はい
軽減,けいげん
割に,わりに
喫煙,きつえん
,これら
通り,とおり
無断,むだん
空白,くうはく
懐,ふところ
個別,こべつ
一同,いちどう
血圧,けつあつ
寝台,しんだい
局,きょく
食パン,しょくパン
床下,ゆかした
阻む,はばむ
短歌,たんか
小包,こづつみ
帝国,ていこく
休校,きゅうこう
書留,かきとめ
恨み,うらみ
,ます
仕掛け,しかけ
盆地,ぼんち
寿司,すし
異性,いせい
,めぐみ
了承,りょうしょう
育ち,そだち
十分,じっぷん
手軽,てがる
由,よし
大野,おおの
父子,ふし
浮気,うわき
柔らかい,やわらかい
紺,こん
白髪,しらが
遅刻,ちこく
産婦人科,さんふじんか
議決,ぎけつ
厚み,あつみ
忍耐,にんたい
尋問,じんもん
住宅地,じゅうたくち
早速,さっそく
宝くじ,たからくじ
溶かす,とかす
外務,がいむ
輝く,かがやく
何事,なにごと
歌舞伎,かぶき
短編,たんぺん
外貨,がいか
堅実,けんじつ
引き続き,ひきつづき
家畜,かちく
商,しょう
機嫌,きげん
和歌,わか
吹雪,ふぶき
樹木,じゅもく
復興,ふっこう
模擬,もぎ
削る,けずる
割れる,われる
桃,もも
避ける,さける
,すり
面会,めんかい
間近,まぢか
眠り,ねむり
見かけ,みかけ
副作用,ふくさよう
川口,かわぐち
点検,てんけん
目前,もくぜん
入札,にゅうさつ
情,じょう
鈴,すず
版画,はんが
飽きる,あきる
検証,けんしょう
利子,りし
社説,しゃせつ
止む,やむ
,どのぐらい
幹,みき
,まぶた
易しい,やさしい
残高,ざんだか
規律,きりつ
,せいぜい
包丁,ほうちょう
理,り
業種,ぎょうしゅ
鶏,にわとり
,ごめん
行方,ゆくえ
経路,けいろ
何ら,なんら
,について
東側,ひがしがわ
奇跡,きせき
汁,しる
速やか,すみやか
何て,なんて
未成年,みせいねん
隙間,すきま
履く,はく
売り上げ,うりあげ
伸び,のび
話しかける,はなしかける
子どもたち,こどもたち
遺体,いたい
お姉さん,おねえさん
年々,ねんねん
代わる,かわる
熊,くま
徐々,じょじょ
早める,はやめる
根本,こんぽん
,ビデオカメラ
生け花,いけばな
倉,くら
,ている
,おなか
連れていく,つれていく
連れてくる,つれてくる
関わる,かかわる
股,また
ヶ月,かげつ
割,わり
外務省,がいむしょう
灯,ひ
揺る,ゆる
寝,ね
中,ちゅう
,それ
,キロメートル
,な
,テープ
,スーツ
,テーマ
,コース
,バター
,やつ
通帳,つうちょう
,はるか
追悼,ついとう
,シリーズ
,カラー
歩,ほ
,ステージ
,トレーニング
,スター
挟む,はさむ
,オートバイ
,チーズ
,シーズン
,コード
,スケート
,ルール
,スピード
,ほうがいい
,メートル
帝,みかど
切れ,きれ
,ボート
危うい,あやうい
,マーク
,コーチ
逆さ,さかさ
,スケジュール
,ソース
,ブレーキ
,マーケット
肖像,しょうぞう
苗,なえ
,ゴール
,サッカー
任期,にんき
,おしゃべり
代償,だいしょう
受かる,うかる
,コンクリート
,ブーム
,おとなしい
,ボーイ
狩り,かり
強いる,しいる
銅,どう
売上高,うりあげだか
,ございます
尻,しり
有限,ゆうげん
騎士,きし
,ヒゲ
再来年,さらいねん
専ら,もっぱら
覆す,くつがえす
,つかむ
,ロープ
,ミュージック
,クリーム
君,きみ
戦,いくさ
,オープン
紐,ひも
,オーケストラ
,コンクール
見違える,みちがえる
,スマート
意地,いじ
先ほど,さきほど
文体,ぶんたい
盛る,もる
親善,しんぜん
,ドラマ
連日,れんじつ
市町村,しちょうそん
出港,しゅっこう
民謡,みんよう
,どちらも
,タイトル
下書き,したがき
血統,けっとう
,はい
取締役,とりしまりやく
,ロック
派出所,はしゅつじょ
南米,なんべい
主力,しゅりょく
日用品,にちようひん
下,しも
陸軍,りくぐん
分,ぶ
物騒,ぶっそう
,らしい
聴講,ちょうこう
熱狂,ねっきょう
皇室,こうしつ
輪,りん
,チェンジ
出荷,しゅっか
遮る,さえぎる
佳作,かさく
,さっぱり
宰相,さいしょう
享受,きょうじゅ
除外,じょがい
,やけど
聖人,せいじん
,スライド
競艇,きょうてい
暴動,ぼうどう
最新,さいしん
収拾,しゅうしゅう
,コントロール
狂言,きょうげん
独創,どくそう
先発,せんぱつ
積極,せっきょく
視察,しさつ
戦力,せんりょく
戦術,せんじゅつ
人情,にんじょう
跳躍,ちょうやく
,パス
単独,たんどく
,くっきり
受賞,じゅしょう
結核,けっかく
尾,お
清算,せいさん
毎回,まいかい
成年,せいねん
公用,こうよう
盾,たて
命中,めいちゅう
説,せつ
開幕,かいまく
調印,ちょういん
出動,しゅつどう
明記,めいき
,うんざり
開業,かいぎょう
運搬,うんぱん
換算,かんさん
方角,ほうがく
苦しめる,くるしめる
共存,きょうぞん
正門,せいもん
斬る,きる
,サイト
上流,じょうりゅう
沿線,えんせん
子女,しじょ
融資,ゆうし
戦略,せんりゃく
配給,はいきゅう
有機,ゆうき
民俗,みんぞく
兵隊,へいたい
構築,こうちく
,ダウン
名義,めいぎ
株式会社,かぶしきがいしゃ
両立,りょうりつ
苦しみ,くるしみ
満員,まんいん
,ドル
擁護,ようご
特産,とくさん
,カット
外れ,はずれ
関する,かんする
,スピーカー
終戦,しゅうせん
途上,とじょう
選定,せんてい
桜花,おうか
平方,へいほう
公団,こうだん
各地,かくち
挿入,そうにゅう
培養,ばいよう
清潔,せいけつ
幼虫,ようちゅう
西南,せいなん
降雨,こうう
,トレーナー
,キャンパス
共産,きょうさん
各自,かくじ
態勢,たいせい
推理,すいり
交差,こうさ
出勤,しゅっきん
魚屋,さかなや
在日,ざいにち
連想,れんそう
支局,しきょく
変遷,へんせん
主導,しゅどう
転じる,てんじる
先代,せんだい
灯台,とうだい
耳鼻科,じびか
,シャッター
一円,いちえん
人出,ひとで
疲れる,つかれる
等級,とうきゅう
,メンバー
必然,ひつぜん
厚生,こうせい
見直し,みなおし
人前,ひとまえ
主流,しゅりゅう
主として,しゅとして
誠実,せいじつ
返る,かえる
高,たか
公社,こうしゃ
様相,ようそう
目録,もくろく
台本,だいほん
船長,せんちょう
死後,しご
観念,かんねん
特性,とくせい
昔話,むかしばなし
福岡,ふくおか
お箸,おはし
時間目,じかんめ
福耳,ふくみみ
次に,つぎに
雨が降る,あめがふる
学習法,がくしゅうほう
新作,しんさく
要塞,ようさい
兄さん,にいさん
邦楽,ほうがく
係員,かかりいん
撤回,てっかい
植民地,しょくみんち
破片,はへん
厳密,げんみつ
眉,まゆ
政界,せいかい
変身,へんしん
,セックス
調味料,ちょうみりょう
悲鳴,ひめい
傾ける,かたむける
暦,こよみ
着色,ちゃくしょく
,ヨット
介入,かいにゅう
,ダブル
発芽,はつが
漁師,りょうし
動揺,どうよう
補足,ほそく
,タイミング
文,ふみ
半導体,はんどうたい
詰める,つめる
近世,きんせい
水色,みずいろ
万能,ばんのう
乗用車,じょうようしゃ
客観,きゃっかん
,モダン
落語,らくご
難民,なんみん
被告,ひこく
上達,じょうたつ
同行,どうこう
講座,こうざ
飼料,しりょう
起用,きよう
手配,てはい
妥協,だきょう
仕える,つかえる
見上げる,みあげる
終日,しゅうじつ
著,ちょ
率いる,ひきいる
標本,ひょうほん
長方形,ちょうほうけい
,ベテラン
丼,どんぶり
逝去,せいきょ
新生,しんせい
,パチンコ
同志,どうし
忘れ物,わすれもの
貸与,たいよ
同胞,どうぼう
任せる,まかせる
調停,ちょうてい
起点,きてん
精密,せいみつ
乱暴,らんぼう
予感,よかん
飲食,いんしょく
北朝鮮,きたちょうせん
双方,そうほう
漂う,ただよう
許容,きょよう
連携,れんけい
履行,りこう
依然,いぜん
腐敗,ふはい
存続,そんぞく
寒さ,さむさ
所持,しょじ
増減,ぞうげん
振る,ふる
王冠,おうかん
,オルガン
後年,こうねん
奉仕,ほうし
山林,さんりん
優勢,ゆうせい
覚え,おぼえ
携わる,たずさわる
重役,じゅうやく
次,つぎ
前身,ぜんしん
生後,せいご
有望,ゆうぼう
禁じる,きんじる
抜かす,ぬかす
小雨,こさめ
痴漢,ちかん
狙撃,そげき
最小,さいしょう
水力,すいりょく
,たい
巻く,まく
,スタッフ
,として
藻,も
亡命,ぼうめい
絡む,からむ
作動,さどう
隠れる,かくれる
,わずか
貨幣,かへい
反響,はんきょう
能率,のうりつ
緯度,いど
無意識,むいしき
期日,きじつ
遺産,いさん
失格,しっかく
後退,こうたい
初,はつ
作り,つくり
個体,こたい
断定,だんてい
昼寝,ひるね
鳥居,とりい
乗り物,のりもの
功績,こうせき
真っ青,まっさお
小切手,こぎって
漁船,ぎょせん
結び,むすび
録画,ろくが
,だけ
,させていただく
便乗,びんじょう
悲しむ,かなしむ
冷める,さめる
盗賊,とうぞく
朝鮮,ちょうせん
,ユーモア
,おにぎり
一族,いちぞく
天使,てんし
背負う,せおう
横切る,よこぎる
庭園,ていえん
探求,たんきゅう
基金,ききん
,によって
,たり
生計,せいけい
恩恵,おんけい
名簿,めいぼ
束縛,そくばく
剣道,けんどう
子弟,してい
平面,へいめん
家主,やぬし
材木,ざいもく
寸法,すんぽう
,マスク
残暑,ざんしょ
連帯,れんたい
朗読,ろうどく
騒がしい,さわがしい
発覚,はっかく
,による
西ドイツ,にしドイツ
静脈,じょうみゃく
幹事,かんじ
負債,ふさい
斜面,しゃめん
立候補,りっこうほ
陸,りく
,ながら
,ベース
有権者,ゆうけんしゃ
本校,ほんこう
入選,にゅうせん
要,かなめ
駐車場,ちゅうしゃじょう
大さじ,おおさじ
脅迫,きょうはく
最期,さいご
空っぽ,からっぽ
本年,ほんねん
校庭,こうてい
出前,でまえ
売春,ばいしゅん
悔しい,くやしい
大火,たいか
路上,ろじょう
後,のち
受け入れる,うけいれる
点灯,てんとう
悔い,くい
閉塞,へいそく
幽霊,ゆうれい
月給,げっきゅう
丘陵,きゅうりょう
白紙,はくし
金,きん
高地,こうち
表彰,ひょうしょう
保育,ほいく
不運,ふうん
天地,てんち
慣習,かんしゅう
果て,はて
眼科,がんか
投手,とうしゅ
,まれ
,おや
舞う,まう
消毒,しょうどく
夏季,かき
無名,むめい
頬,ほお
,において
未婚,みこん
,よう
仁義,じんぎ
容積,ようせき
有害,ゆうがい
委託,いたく
索引,さくいん
引き受ける,ひきうける
,のみ
酸性,さんせい
電線,でんせん
,つなぐ
,ぼんやり
成熟,せいじゅく
反感,はんかん
飲料,いんりょう
物体,ぶったい
衣類,いるい
院長,いんちょう
悪,あく
黒人,こくじん
不能,ふのう
急性,きゅうせい
公的,こうてき
車体,しゃたい
円滑,えんかつ
採る,とる
魔法,まほう
読本,とくほん
真夜中,まよなか
癌,がん
,チャンス
下山,げざん
下院,かいん
未熟,みじゅく
公務,こうむ
発注,はっちゅう
見聞,けんぶん
伝記,でんき
,メーター
徴収,ちょうしゅう
主食,しゅしょく
調達,ちょうたつ
集落,しゅうらく
良心,りょうしん
担う,になう
皇后,こうごう
筆記,ひっき
余剰,よじょう
採算,さいさん
実例,じつれい
下流,かりゅう
氏,うじ
契機,けいき
居眠り,いねむり
現に,げんに
,における
案外,あんがい
宴会,えんかい
補充,ほじゅう
発動,はつどう
執る,とる
勾配,こうばい
鼓,つづみ
症,しょう
待たせる,またせる
現れる,あらわれる
発信,はっしん
揺れる,ゆれる
上院,じょういん
,うん
同月,どうげつ
,くし
中華,ちゅうか
府立,ふりつ
葬儀,そうぎ
出店,でみせ
画,かく
,ぶつ
民衆,みんしゅう
幾分,いくぶん
金山,きんざん
登記,とうき
故に,ゆえに
,レモン
,もっとも
要旨,ようし
性的,せいてき
お子さん,おこさん
教官,きょうかん
一口,ひとくち
芳香,ほうこう
堂々,どうどう
封鎖,ふうさ
薄れる,うすれる
単行本,たんこうぼん
破綻,はたん
着,ちゃく
歩み,あゆみ
見当,けんとう
肘,ひじ
東方,とうほう
横領,おうりょう
概要,がいよう
生き生き,いきいき
足踏み,あしぶみ
踏まえる,ふまえる
変形,へんけい
刑務所,けいむしょ
人体,じんたい
実物,じつぶつ
学級,がっきゅう
均衡,きんこう
目覚める,めざめる
高まり,たかまり
克明,こくめい
故人,こじん
,タイム
反抗,はんこう
瞬時,しゅんじ
特技,とくぎ
廃棄,はいき
半数,はんすう
大西洋,たいせいよう
,あら
残虐,ざんぎゃく
,もったいない
入金,にゅうきん
巧み,たくみ
十七日,じゅうしちにち
海運,かいうん
再現,さいげん
不法,ふほう
あの人,あのひと
,ノック
抱負,ほうふ
温室,おんしつ
休学,きゅうがく
答案,とうあん
教訓,きょうくん
叱る,しかる
前夜,ぜんや
欠ける,かける
倫理,りんり
保有,ほゆう
氷山,ひょうざん
一男,いちなん
専務,せんむ
破損,はそん
汚れ,よごれ
狂気,きょうき
つま先,つまさき
路線,ろせん
屈辱,くつじょく
大水,おおみず
防災,ぼうさい
不規則,ふきそく
日出,にっしゅつ
囲い,かこい
送信,そうしん
親類,しんるい
役職,やくしょく
二見,ふたみ
沈没,ちんぼつ
疑惑,ぎわく
南海,なんかい
公安,こうあん
有罪,ゆうざい
納入,のうにゅう
,ビニール
募る,つのる
器,うつわ
断念,だんねん
年収,ねんしゅう
錯誤,さくご
厚さ,あつさ
悲惨,ひさん
値する,あたいする
偽造,ぎぞう
改定,かいてい
欧米,おうべい
白水,しろみず
籠,かご
承る,うけたまわる
詳報,しょうほう
,リットル
投書,とうしょ
電動,でんどう
本線,ほんせん
銀河,ぎんが
,にとって
周年,しゅうねん
面する,めんする
鉱業,こうぎょう
中退,ちゅうたい
病死,びょうし
砲,ほう
修士,しゅうし
助力,じょりょく
美容院,びよういん
冷戦,れいせん
創設,そうせつ
囲碁,いご
条例,じょうれい
林業,りんぎょう
威力,いりょく
検定,けんてい
着用,ちゃくよう
重体,じゅうたい
知性,ちせい
立てる,たてる
補う,おぎなう
連休,れんきゅう
歯科,しか
歌謡,かよう
美女,びじょ
,つぐ
奉納,ほうのう
高温,こうおん
初級,しょきゅう
解明,かいめい
急増,きゅうぞう
,こんな
見合い,みあい
覚める,さめる
逃亡,とうぼう
農林,のうりん
者,もの
符号,ふごう
報じる,ほうじる
集,しゅう
技巧,ぎこう
一生懸命,いっしょうけんめい
粛清,しゅくせい
名詞,めいし
検索,けんさく
南国,なんこく
最上,さいじょう
酔う,よう
平凡,へいぼん
暗黙,あんもく
偶数,ぐうすう
十万,じゅうまん
次男,じなん
度,ど
仮装,かそう
未明,みめい
,さて
迷信,めいしん
海底,かいてい
恥じる,はじる
同人,どうじん
,バック
縄,なわ
振り,ふり
借り,かり
指名,しめい
重なる,かさなる
山岳,さんがく
覇者,はしゃ
流れる,ながれる
相対,あいたい
詩歌,しか
山形,やまがた
著しい,いちじるしい
時事,じじ
本木,もとき
勝る,まさる
加熱,かねつ
かい出す,かいだす
次いで,ついで
便宜,べんぎ
具体,ぐたい
戯曲,ぎきょく
大蔵,おおくら
族,ぞく
浸透,しんとう
指令,しれい
,ジャンル
匹敵,ひってき
照る,てる
二百,にひゃく
媒介,ばいかい
地盤,じばん
法務,ほうむ
小指,こゆび
核,かく
三本,さんぼん
退治,たいじ
針路,しんろ
,ショップ
最多,さいた
下,した
全面,ぜんめん
,プログラム
茶碗,ちゃわん
何分,なにぶん
殿様,とのさま
陰陽,いんよう
方,かた
議題,ぎだい
犯行,はんこう
用地,ようち
歩行,ほこう
車道,しゃどう
無罪,むざい
星座,せいざ
欧州,おうしゅう
ご主人,ごしゅじん
同国,どうこく
乳房,ちぶさ
三百,さんびゃく
降伏,こうふく
反,はん
明け方,あけがた
対比,たいひ
新書,しんしょ
活力,かつりょく
勧め,すすめ
地質,ちしつ
支部,しぶ
通じる,つうじる
付加,ふか
大まか,おおまか
北山,きたやま
麻酔,ますい
増強,ぞうきょう
南方,なんぽう
お兄さん,おにいさん
爆撃,ばくげき
土手,どて
,バット
小さな,ちいさな
人通り,ひとどおり
鍛える,きたえる
,ばかり
同伴,どうはん
お酒,おさけ
愉快,ゆかい
送別,そうべつ
嫌がる,いやがる
,ショッピング
映す,うつす
法令,ほうれい
座,ざ
無関係,むかんけい
解雇,かいこ
追い出す,おいだす
軍艦,ぐんかん
撃退,げきたい
要点,ようてん
学芸,がくげい
,ミリ
初代,しょだい
拝見,はいけん
大和,やまと
明かす,あかす
工程,こうてい
紅白,こうはく
排斥,はいせき
砕く,くだく
贅沢,ぜいたく
不信,ふしん
明後日,あさって
講習,こうしゅう
不審,ふしん
立地,りっち
穂,ほ
局長,きょくちょう
体内,たいない
和服,わふく
,グランド
韓国,かんこく
撤去,てっきょ
誤る,あやまる
国々,くにぐに
,でたらめ
大方,おおかた
焼却,しょうきゃく
臨む,のぞむ
内臓,ないぞう
,こくぜい
分かち,わかち
了解,りょうかい
足る,たる
神聖,しんせい
人影,ひとかげ
建国,けんこく
一人一人,ひとりひとり
喉,のど
普遍,ふへん
征服,せいふく
精鋭,せいえい
上方,かみがた
水木,みずき
優位,ゆうい
,ずつ
,ラケット
,ひととき
再発,さいはつ
処罰,しょばつ
履物,はきもの
,むす
一環,いっかん
香水,こうすい
伝言,でんごん
,グラウンド
深まる,ふかまる
声明,せいめい
架橋,かきょう
,こだわる
口調,くちょう
お返し,おかえし
大腸,だいちょう
桟橋,さんばし
公募,こうぼ
お手洗い,おてあらい
図形,ずけい
四百,よんひゃく
,そんな
予告,よこく
広報,こうほう
後援,こうえん
先着,せんちゃく
杯,はい
納豆,なっとう
警報,けいほう
着目,ちゃくもく
名残,なごり
本場,ほんば
火炎,かえん
戦死,せんし
映写,えいしゃ
抗争,こうそう
手作り,てづくり
雌雄,しゆう
機種,きしゅ
先方,せんぽう
,フロント
田,た
図鑑,ずかん
,で
千尋,せんじん
随筆,ずいひつ
楽譜,がくふ
仲介,ちゅうかい
音響,おんきょう
事務室,じむしつ
亀,かめ
規約,きやく
,こそ
居酒屋,いざかや
球場,きゅうじょう
卓,たく
中部,ちゅうぶ
母体,ぼたい
国学,こくがく
,なり
要件,ようけん
収益,しゅうえき
全米,ぜんべい
軍備,ぐんび
起訴,きそ
,センター
心地,ここち
中京,ちゅうきょう
主人公,しゅじんこう
,すみません
閣僚,かくりょう
民,たみ
補佐,ほさ
対戦,たいせん
,つながり
境内,けいだい
請負,うけおい
左翼,さよく
農薬,のうやく
教科,きょうか
締結,ていけつ
割り当て,わりあて
体積,たいせき
動,どう
誘惑,ゆうわく
面,つら
合流,ごうりゅう
改修,かいしゅう
教諭,きょうゆ
盛り,さかり
不可能,ふかのう
盆踊り,ぼんおどり
闘争,とうそう
一分,いっぷん
,ウエスト
立ち,たち
復旧,ふっきゅう
実況,じっきょう
適する,てきする
快速,かいそく
自在,じざい
,あれ
併用,へいよう
若手,わかて
愛憎,あいぞう
神秘,しんぴ
空く,すく
,あえて
修学旅行,しゅうがくりょこう
顕微鏡,けんびきょう
,いける
座敷,ざしき
中,じゅう
新聞社,しんぶんしゃ
細工,さいく
束,たば
推移,すいい
交易,こうえき
言,げん
空母,くうぼ
公言,こうげん
黄色い,きいろい
問,もん
同名,どうめい
引き継ぐ,ひきつぐ
,シナリオ
生やす,はやす
安易,あんい
航路,こうろ
文房具,ぶんぼうぐ
特長,とくちょう
懲役,ちょうえき
爆破,ばくは
不自然,ふしぜん
憩い,いこい
,しょう
小遣い,こづかい
,えみ
混ぜる,まぜる
,ちなみに
炭素,たんそ
活性,かっせい
風土,ふうど
街頭,がいとう
提起,ていき
,せめて
基,もとい
茶道,さどう
右翼,うよく
宮殿,きゅうでん
,つくづく
中核,ちゅうかく
円形,えんけい
心中,しんじゅう
悩ます,なやます
幻想,げんそう
生態,せいたい
肝臓,かんぞう
,どんどん
計,けい
,のり
容疑,ようぎ
侮辱,ぶじょく
叫び,さけび
動画,どうが
高学年,こうがくねん
阪神,はんしん
西側,にしがわ
哀愁,あいしゅう
寄贈,きぞう
惑星,わくせい
機動,きどう
取っ手,とって
天文,てんもん
,という
関節,かんせつ
魂,たましい
誘拐,ゆうかい
協調,きょうちょう
鑑定,かんてい
系,けい
当て,あて
,つや
停滞,ていたい
明快,めいかい
,バッジ
多忙,たぼう
侍従,じじゅう
九十,きゅうじゅう
年月日,ねんがっぴ
霜,しも
国営,こくえい
,はさみ
借款,しゃっかん
開館,かいかん
野蛮,やばん
精進,しょうじん
理屈,りくつ
先だって,せんだって
,バン
減速,げんそく
,ちどり
宅地,たくち
外野,がいや
在住,ざいじゅう
初日,しょにち
曇る,くもる
,ピクニック
古本,ふるほん
,こう
譲渡,じょうと
,へ
派閥,はばつ
仮に,かりに
,キッチン
目撃,もくげき
混血,こんけつ
物音,ものおと
体長,たいちょう
催す,もよおす
正方形,せいほうけい
適正,てきせい
鶴,つる
触発,しょくはつ
敷く,しく
外車,がいしゃ
北上,ほくじょう
気の毒,きのどく
,ちゃんと
仲良し,なかよし
経理,けいり
,あとで
名門,めいもん
保全,ほぜん
宿命,しゅくめい
樹立,じゅりつ
町長,ちょうちょう
山手,やまて
四分の一,よんぶんのいち
灯油,とうゆ
柄,え
試作,しさく
相次ぐ,あいつぐ
会,かい
誤差,ごさ
都,と
病人,びょうにん
浴衣,ゆかた
生体,せいたい
庶務,しょむ
回想,かいそう
魅惑,みわく
県内,けんない
仮面,かめん
,こっそり
瀬,せ
釜,かま
前方,ぜんぽう
巻,かん
利息,りそく
寄与,きよ
追求,ついきゅう
春秋,しゅんじゅう
,めい
唱える,となえる
,つぼみ
,すれば
時雨,しぐれ
石鹸,せっけん
消耗,しょうもう
客室,きゃくしつ
,しまう
逃避,とうひ
財団,ざいだん
経度,けいど
脇,わき
歯磨き,はみがき
段,だん
二三日,にさんにち
場,ば
白昼,はくちゅう
,パパ
,たび
,ていく
手当,てあて
休止,きゅうし
葬式,そうしき
包囲,ほうい
手品,てじな
殺害,さつがい
口紅,くちべに
黒色,こくしょく
万歳,ばんざい
,あるまじき
原告,げんこく
炒める,いためる
見守る,みまもる
職,しょく
君主,くんしゅ
不動,ふどう
人的,じんてき
水車,すいしゃ
総務,そうむ
今や,いまや
据える,すえる
上記,じょうき
産物,さんぶつ
建前,たてまえ
王座,おうざ
店長,てんちょう
生誕,せいたん
三国,さんごく
元素,げんそ
,キャプテン
褒める,ほめる
,てみる
麻薬,まやく
,ぐっすり
頼み,たのみ
,により
大空,おおぞら
拡散,かくさん
利,り
並立,へいりつ
大賞,たいしょう
規範,きはん
迫害,はくがい
四千,よんせん
,ヒット
,さえ
,すず
上回る,うわまわる
部隊,ぶたい
医,い
改築,かいちく
,ハム
催し,もよおし
転落,てんらく
機器,きき
休息,きゅうそく
何人,なにびと
捕る,とる
食用,しょくよう
通算,つうさん
編入,へんにゅう
合奏,がっそう
応ずる,おうずる
社交,しゃこう
政令,せいれい
激増,げきぞう
熱中,ねっちゅう
,あ
罰金,ばっきん
中島,なかじま
予言,よげん
質量,しつりょう
在籍,ざいせき
待機,たいき
学説,がくせつ
歩む,あゆむ
刈る,かる
,できれば
中前,ちゅうぜん
近づく,ちかづく
歌人,かじん
炭鉱,たんこう
重み,おもみ
,モテる
中期,ちゅうき
披露,ひろう
断然,だんぜん
合法,ごうほう
回避,かいひ
策定,さくてい
立春,りっしゅん
子ガチャ,こガチャ
強度,きょうど
当人,とうにん
碁盤,ごばん
麻,あさ
献立,こんだて
気がある,きがある
夢見る,ゆめみる
胞子,ほうし
安打,あんだ
,ポット
五輪,ごりん
強風,きょうふう
好ましい,このましい
,ごと
消火,しょうか
放映,ほうえい
元日,がんじつ
恥,はじ
日刊,にっかん
点滴,てんてき
出馬,しゅつば
,さじ
存分,ぞんぶん
軽蔑,けいべつ
括弧,かっこ
沼,ぬま
,ラッシュ
折衝,せっしょう
勧告,かんこく
酸,さん
織物,おりもの
実,じつ
遭難,そうなん
分かり,わかり
染める,そめる
,カタカナ
不平,ふへい
新田,しんでん
上下,うえした
圧迫,あっぱく
凍結,とうけつ
葬る,ほうむる
出水,しゅっすい
教徒,きょうと
塞ぐ,ふさぐ
放火,ほうか
,ロシア
気がする,きがする
両国,りょうごく
清い,きよい
毎度,まいど
困窮,こんきゅう
殻,から
,ショー
出走,しゅっそう
不意,ふい
挟まる,はさまる
宮内庁,くないちょう
逃がす,にがす
修繕,しゅうぜん
値上げ,ねあげ
採決,さいけつ
重傷,じゅうしょう
堂,どう
侍,さむらい
検察,けんさつ
粉末,ふんまつ
沈める,しずめる
編,へん
中継,ちゅうけい
首位,しゅい
補欠,ほけつ
軽快,けいかい
神道,しんとう
虐殺,ぎゃくさつ
日産,にっさん
分泌,ぶんぴつ
男前,おとこまえ
出入,しゅつにゅう
西欧,せいおう
海藻,かいそう
生い立ち,おいたち
防火,ぼうか
前売り,まえうり
固まる,かたまる
配当,はいとう
同校,どうこう
仏像,ぶつぞう
視覚,しかく
確かめる,たしかめる
値打ち,ねうち
全日,ぜんじつ
母さん,かあさん
脱線,だっせん
着替え,きがえ
療養,りょうよう
中性,ちゅうせい
平仮名,ひらがな
倍率,ばいりつ
志向,しこう
委嘱,いしょく
肥料,ひりょう
,カセット
家,いえ
危惧,きぐ
網,あみ
標語,ひょうご
臓,ぞう
率,りつ
里,さと
語源,ごげん
長編,ちょうへん
定評,ていひょう
鉄砲,てっぽう
溶岩,ようがん
識別,しきべつ
連勝,れんしょう
引きずる,ひきずる
浮力,ふりょく
治安,ちあん
定数,ていすう
,ふれあい
当地,とうち
球団,きゅうだん
下品,げひん
是正,ぜせい
国体,こくたい
山上,さんじょう
湿気,しっけ
恋する,こいする
迅速,じんそく
市外,しがい
,とこ
平安,へいあん
花束,はなたば
生息,せいそく
噴水,ふんすい
上がったり,あがったり
暑さ,あつさ
館長,かんちょう
住人,じゅうにん
家柄,いえがら
寒気,さむけ
畳,じょう
再三,さいさん
差し出す,さしだす
隣接,りんせつ
西北,せいほく
飛行場,ひこうじょう
担保,たんぽ
太古,たいこ
製鉄,せいてつ
新設,しんせつ
拠点,きょてん
原産,げんさん
助成,じょせい
組み合わせ,くみあわせ
作法,さほう
貯蔵,ちょぞう
既存,きそん
否決,ひけつ
極めて,きわめて
明白,めいはく
農産物,のうさんぶつ
,ぶらぶら
芝,しば
主席,しゅせき
一色,いっしょく
避暑,ひしょ
所長,しょちょう
債務,さいむ
陶磁器,とうじき
やって来る,やってくる
転がす,ころがす
陵,みささぎ
,に
十字,じゅうじ
了,りょう
収録,しゅうろく
大物,おおもの
,ご
付く,つく
,ランチ
前面,ぜんめん
巻,まき
観衆,かんしゅう
予期,よき
,しゃっくり
自作,じさく
,なるべく
親方,おやかた
菊,きく
怪我,けが
胴,どう
千代,せんだい
損なう,そこなう
日食,にっしょく
草原,そうげん
包み,つつみ
選,せん
法規,ほうき
,カナダ
腕前,うでまえ
不調,ふちょう
現像,げんぞう
歌声,うたごえ
上人,しょうにん
警部,けいぶ
,かえって
弾く,ひく
足並み,あしなみ
,スニーカー
護衛,ごえい
勃発,ぼっぱつ
値引き,ねびき
日経,にっけい
中堅,ちゅうけん
見出す,みだす
維新,いしん
防犯,ぼうはん
打者,だしゃ
公使,こうし
当番,とうばん
,とか
搭乗,とうじょう
万,ばん
舗装,ほそう
採択,さいたく
共演,きょうえん
大別,たいべつ
恩賜,おんし
指数,しすう
貯蓄,ちょちく
誠,まこと
著作,ちょさく
,シャンプー
火花,ひばな
満月,まんげつ
見なす,みなす
安住,あんじゅう
非常勤,ひじょうきん
雑貨,ざっか
,おまけ
今昔,こんじゃく
数多く,かずおおく
初版,しょはん
覚ます,さます
,こんにちは
換気,かんき
,てある
岐阜,ぎふ
着実,ちゃくじつ
担ぐ,かつぐ
合,ごう
和らぐ,やわらぐ
頑固,がんこ
,ふけいき
分立,ぶんりつ
洋風,ようふう
腸,ちょう
逓信,ていしん
,もし
夢幻,むげん
期,き
過労,かろう
,ピザ
濡れる,ぬれる
雑音,ざつおん
公然,こうぜん
車種,しゃしゅ
免税,めんぜい
手柄,てがら
肉親,にくしん
関,せき
先々,さきざき
粘る,ねばる
中原,ちゅうげん
一夜,いちや
議席,ぎせき
,カタログ
歴代,れきだい
縫う,ぬう
広がり,ひろがり
最中,さいちゅう
団結,だんけつ
,マッチ
二十日,はつか
柔らか,やわらか
丁目,ちょうめ
屋内,おくない
店主,てんしゅ
財務,ざいむ
告示,こくじ
年俸,ねんぽう
攻め,せめ
教材,きょうざい
,フィルム
東口,ひがしぐち
口述,こうじゅつ
,たまる
失点,しってん
,あいにく
,しょっちゅう
陽光,ようこう
走り,はしり
男らしい,おとこらしい
滅亡,めつぼう
書き方,かきかた
地平線,ちへいせん
左利き,ひだりきき
,リクエスト
,コレクション
配信,はいしん
浮き,うき
大作,たいさく
下がり,さがり
目上,めうえ
出資,しゅっし
,そ
下火,したび
拝啓,はいけい
紙袋,かみぶくろ
声援,せいえん
実業,じつぎょう
堕落,だらく
,やたら
年来,ねんらい
命ずる,めいずる
富士山,ふじさん
雨量,うりょう
花びら,はなびら
持ち味,もちあじ
何だか,なんだか
大ざっぱ,おおざっぱ
営利,えいり
棟,むね
人目,ひとめ
補正,ほせい
積極的,せっきょくてき
中国人,ちゅうごくじん
字体,じたい
磁石,じしゃく
現職,げんしょく
,かたがた
,まゆ
三味線,しゃみせん
通達,つうたつ
滑らか,なめらか
,そのまま
初回,しょかい
西方,せいほう
白色,はくしょく
大洋,たいよう
偵察,ていさつ
共学,きょうがく
無地,むじ
数々,かずかず
,なれ
,わし
用水,ようすい
顧問,こもん
二度,にど
打席,だせき
圧倒,あっとう
抜け出す,ぬけだす
醜い,みにくい
,てあげる
貸家,かしや
上,かみ
撤退,てったい
,か
例え,たとえ
混同,こんどう
後任,こうにん
反動,はんどう
九九,くく
呪文,じゅもん
潜水,せんすい
扇風機,せんぷうき
縁,ふち
,ヌルヌル
年表,ねんぴょう
同窓会,どうそうかい
戦線,せんせん
捕獲,ほかく
香る,かおる
土壌,どじょう
打ち込む,うちこむ
,ソファー
芋,いも
,つば
傾く,かたむく
西日,にしび
里,り
低温,ていおん
生育,せいいく
,たこ
格闘,かくとう
赤色,あかいろ
,あめ
,ひねる
機敏,きびん
真意,しんい
攻める,せめる
養子,ようし
遊説,ゆうぜい
乗り換える,のりかえる
帯,おび
末期,まっき
,セメント
発送,はっそう
苦心,くしん
根幹,こんかん
文脈,ぶんみゃく
後継,こうけい
木立,こだち
,べし
何気ない,なにげない
,ウイルス
車椅子,くるまいす
響き,ひびき
人造,じんぞう
信奉,しんぽう
一歩,いっぽ
好評,こうひょう
連載,れんさい
出来上がる,できあがる
製薬,せいやく
暴露,ばくろ
日陰,ひかげ
転用,てんよう
押収,おうしゅう
具,ぐ
原発,げんぱつ
鉢,はち
純情,じゅんじょう
主観,しゅかん
転居,てんきょ
将,しょう
姓,かばね
肝,きも
人文,じんぶん
水害,すいがい
退屈,たいくつ
,にて
言い訳,いいわけ
綿,わた
図表,ずひょう
足首,あしくび
学究,がっきゅう
併合,へいごう
縮まる,ちぢまる
早,はや
室町,むろまち
新春,しんしゅん
,アルミ
一握り,ひとにぎり
無知,むち
令,れい
上部,じょうぶ
味わい,あじわい
憎しみ,にくしみ
素質,そしつ
楽園,らくえん
眺める,ながめる
参入,さんにゅう
舞,まい
悪質,あくしつ
実在,じつざい
,しょとくぜい
在庫,ざいこ
大概,たいがい
,サーフィン
見地,けんち
税務署,ぜいむしょ
積もる,つもる
引っ越し,ひっこし
借家,かりいえ
連なる,つらなる
日夜,にちや
参戦,さんせん
馬場,ばば
乗り,のり
,まくる
,ライター
隔月,かくげつ
蝶,ちょう
拡充,かくじゅう
万が一,まんがいち
医院,いいん
良,りょう
四角,しかく
到来,とうらい
抽象,ちゅうしょう
肥大,ひだい
水増し,みずまし
幕府,ばくふ
八本,はっぽん
生き,いき
薄暗い,うすぐらい
戦時,せんじ
下地,したじ
満喫,まんきつ
,イベント
,ファン
食らう,くらう
放射,ほうしゃ
,わざわざ
幻,まぼろし
花粉,かふん
伸縮,しんしゅく
北海道,ほっかいどう
長,ちょう
神父,しんぷ
連ねる,つらねる
餅,もち
賃貸,ちんたい
磁気,じき
感触,かんしょく
過ち,あやまち
採集,さいしゅう
同市,どうし
賑やか,にぎやか
小島,こじま
特売,とくばい
先進,せんしん
公営,こうえい
慢性,まんせい
,おい
談話,だんわ
,ぐるり
送り,おくり
救い,すくい
暗記,あんき
費やす,ついやす
日の丸,ひのまる
内外,ないがい
常務,じょうむ
温帯,おんたい
窯,かま
下部,かぶ
遠足,えんそく
準決勝,じゅんけっしょう
習得,しゅうとく
塚,つか
処刑,しょけい
作詞,さくし
,ずるい
新車,しんしゃ
特異,とくい
流出,りゅうしゅつ
国宝,こくほう
未遂,みすい
太っ腹,ふとっぱら
逆らう,さからう
残留,ざんりゅう
表札,ひょうさつ
聴覚,ちょうかく
寄港,きこう
物件,ぶっけん
合戦,かっせん
部員,ぶいん
怪獣,かいじゅう
年賀状,ねんがじょう
学位,がくい
手のひら,てのひら
博,はく
日に日に,ひにひに
,いけない
占拠,せんきょ
訓,くん
目次,もくじ
,そっと
北側,きたがわ
目玉,めだま
商工,しょうこう
四人,よにん
下見,したみ
送料,そうりょう
購買,こうばい
破棄,はき
東欧,とうおう
捕手,ほしゅ
,たまらない
カ国語,カこくご
学界,がっかい
取り上げる,とりあげる
遺伝,いでん
,いなくなる
政,まつりごと
,れんごうかい
返答,へんとう
授業料,じゅぎょうりょう
建立,こんりゅう
配備,はいび
,きょう
処女,しょじょ
喪失,そうしつ
総額,そうがく
,そん
,がる
多目的,たもくてき
,ピストル
昇格,しょうかく
片側,かたがわ
河原,かわら
市,いち
麓,ふもと
病理,びょうり
口実,こうじつ
投稿,とうこう
芯,しん
,ニコニコ
本家,ほんけ
加減,かげん
実務,じつむ
強硬,きょうこう
一葉,いちよう
国鉄,こくてつ
水質,すいしつ
移籍,いせき
日課,にっか
,レバー
,ナイロン
気まずい,きまずい
,しっぽ
七七日,なななのか
週休,しゅうきゅう
油断,ゆだん
断水,だんすい
戦国,せんごく
花婿,はなむこ
有人,ゆうじん
台車,だいしゃ
,ちぎる
店内,てんない
禅,ぜん
焦り,あせり
名乗る,なのる
再建,さいけん
各種,かくしゅ
,チョーク
電鉄,でんてつ
心得,こころえ
県知事,けんちじ
脅し,おどし
数量,すうりょう
一国,いっこく
,ぐ
用具,ようぐ
弓,ゆみ
,ピンク
幹線,かんせん
,のし
再編,さいへん
眺め,ながめ
頼り,たより
言い出す,いいだす
占い,うらない
改訂,かいてい
氏,し
売却,ばいきゃく
一億,いちおく
嫉妬,しっと
言質,げんち
心がける,こころがける
親会社,おやがいしゃ
埋葬,まいそう
創業,そうぎょう
二十,にじゅう
総長,そうちょう
突如,とつじょ
北アイルランド,きたアイルランド
凹凸,おうとつ
交わる,まじわる
頭部,とうぶ
長官,ちょうかん
重心,じゅうしん
猛烈,もうれつ
北陸,ほくりく
,さい
,かしこまりました
模範,もはん
上等,じょうとう
首長,しゅちょう
潜在,せんざい
大口,おおぐち
日当たり,ひあたり
社内,しゃない
一括,いっかつ
中指,なかゆび
好物,こうぶつ
山地,さんち
写生,しゃせい
新型,しんがた
,さっと
栄光,えいこう
退任,たいにん
,みたい
農協,のうきょう
恵まれる,めぐまれる
転校,てんこう
開校,かいこう
休する,きゅうする
療法,りょうほう
右中間,うちゅうかん
革靴,かわぐつ
射る,いる
募金,ぼきん
早急,そうきゅう
抹殺,まっさつ
失恋,しつれん
方々,ほうぼう
,すっと
１２月,じゅうにがつ
率直,そっちょく
変革,へんかく
当面,とうめん
決戦,けっせん
探訪,たんぼう
核兵器,かくへいき
脂,あぶら
多重,たじゅう
年始,ねんし
包含,ほうがん
自習,じしゅう
発病,はつびょう
,おめでとう
紙面,しめん
快晴,かいせい
判例,はんれい
失礼,しつれい
古今,ここん
熱する,ねっする
沸騰,ふっとう
密集,みっしゅう
喜ばしい,よろこばしい
中枢,ちゅうすう
官邸,かんてい
全域,ぜんいき
漏らす,もらす
不気味,ぶきみ
抜群,ばつぐん
要するに,ようするに
運動場,うんどうじょう
頂戴,ちょうだい
栓,せん
間,ま
後世,こうせい
証人,しょうにん
内戦,ないせん
手洗い,てあらい
燃費,ねんぴ
単調,たんちょう
絶やす,たやす
無力,むりょく
販路,はんろ
生意気,なまいき
製菓,せいか
前途,ぜんと
左前,ひだりまえ
速さ,はやさ
扶養,ふよう
本塁打,ほんるいだ
荒らす,あらす
払い,はらい
日誌,にっし
引っ掛かる,ひっかかる
膜,まく
日本一,にほんいち
作風,さくふう
賭博,とばく
安売り,やすうり
破裂,はれつ
同地,どうち
,だらけ
到底,とうてい
好奇心,こうきしん
離陸,りりく
巡回,じゅんかい
南口,みなみぐち
縮める,ちぢめる
搭載,とうさい
室長,しつちょう
運休,うんきゅう
分母,ぶんぼ
,ネット
,かける
多発,たはつ
麦,むぎ
下請け,したうけ
各々,おのおの
降水,こうすい
文部,もんぶ
激励,げきれい
階層,かいそう
,クラブ
履歴,りれき
炭,すみ
墨,すみ
速報,そくほう
服用,ふくよう
突入,とつにゅう
艦隊,かんたい
,にする
融和,ゆうわ
窒息,ちっそく
蒸発,じょうはつ
決着,けっちゃく
鉄鋼,てっこう
町村,ちょうそん
,パリ
,たい
落選,らくせん
常用,じょうよう
,そくじつ
囲み,かこみ
低迷,ていめい
,あくまで
孤児,こじ
酒場,さかば
財界,ざいかい
縞,しま
間,かん
公明,こうめい
内野,ないや
月見,つきみ
有様,ありさま
,して
牧師,ぼくし
直面,ちょくめん
鼓舞,こぶ
,きか
精,せい
度胸,どきょう
通商,つうしょう
雨水,うすい
業,ごう
入居,にゅうきょ
淡水,たんすい
後見,こうけん
手形,てがた
分量,ぶんりょう
他社,たしゃ
構内,こうない
書房,しょぼう
保持,ほじ
着ける,つける
,さかのぼる
一貫,いっかん
野中,のなか
黒木,くろき
並列,へいれつ
水源,すいげん
開き,ひらき
北海,ほっかい
脈絡,みゃくらく
旅立つ,たびだつ
湾岸,わんがん
町内,ちょうない
手がける,てがける
昼前,ひるまえ
上限,じょうげん
打点,だてん
洗練,せんれん
島根,しまね
海面,かいめん
,キャンセル
形状,けいじょう
信任,しんにん
,オランダ
,あてる
叔母,おば
投球,とうきゅう
,とり
,ちょうど
剣,けん
人道,にんどう
,さは
硫黄,いおう
拾い物,ひろいもの
疲弊,ひへい
生み,うみ
全長,ぜんちょう
静けさ,しずけさ
萎縮,いしゅく
品,しな
黄,き
,トンネル
大根,だいこん
震度,しんど
その上,そのうえ
強まる,つよまる
回帰,かいき
,それほど
郵政,ゆうせい
一分,いちぶ
快楽,かいらく
華麗,かれい
風力,ふうりょく
,まとまる
得票,とくひょう
外気,がいき
釈放,しゃくほう
自供,じきょう
悪夢,あくむ
誌面,しめん
見どころ,みどころ
採取,さいしゅ
公約,こうやく
劇的,げきてき
顔色,かおいろ
人気がある,にんきがある
民事,みんじ
茶の間,ちゃのま
,まい
告知,こくち
元祖,がんそ
領袖,りょうしゅう
反則,はんそく
,くだらない
直角,ちょっかく
容量,ようりょう
培う,つちかう
七夕,たなばた
相応,そうおう
中級,ちゅうきゅう
道理,どうり
私有,しゆう
,いか
一月,ひとつき
,アルファベット
南側,みなみがわ
伝染,でんせん
洋食,ようしょく
,かん
第三者,だいさんしゃ
女らしい,おんならしい
紅,くれない
定款,ていかん
恒例,こうれい
,とあって
沸く,わく
絶える,たえる
切断,せつだん
名札,なふだ
控訴,こうそ
念願,ねんがん
四川,しせん
,じんぐう
民営,みんえい
内心,ないしん
,ドリル
不完全,ふかんぜん
桑,くわ
,そう
殺し,ころし
窒素,ちっそ
国歌,こっか
通称,つうしょう
書院,しょいん
邸宅,ていたく
少量,しょうりょう
市議会,しぎかい
,それでも
的,まと
肺炎,はいえん
専修,せんしゅう
踏襲,とうしゅう
通夜,つや
,スイス
乾く,かわく
沿海,えんかい
日差し,ひざし
気をつける,きをつける
部族,ぶぞく
共用,きょうよう
論議,ろんぎ
絵の具,えのぐ
,スペシャル
灰,はい
末っ子,すえっこ
隊員,たいいん
,そこで
物差し,ものさし
大して,たいして
年,ねん
市,し
,ん
闘志,とうし
風習,ふうしゅう
,とあれば
免除,めんじょ
,ミルク
勇敢,ゆうかん
,そう
持ち主,もちぬし
登板,とうばん
走者,そうしゃ
敵対,てきたい
背番号,せばんごう
除去,じょきょ
次期,じき
一回,いっかい
受話器,じゅわき
表,ひょう
就寝,しゅうしん
雑談,ざつだん
機長,きちょう
電機,でんき
視線,しせん
抜き,ぬき
甲斐,かい
鎖,くさり
特例,とくれい
定期便,ていきびん
下野,げや
文化財,ぶんかざい
命名,めいめい
引き換え,ひきかえ
初戦,しょせん
寝かす,ねかす
年号,ねんごう
見せびらかす,みせびらかす
風鈴,ふうりん
土俵,どひょう
,プライド
屋敷,やしき
連覇,れんぱ
王朝,おうちょう
熱気,ねっき
潟,かた
,にがお
操る,あやつる
薬物,やくぶつ
力学,りきがく
書斎,しょさい
便所,べんじょ
,カバー
別冊,べっさつ
自力,じりき
陥る,おちいる
発起人,ほっきにん
値下げ,ねさげ
歯止め,はどめ
欲求,よっきゅう
躍起,やっき
,チップ
飢餓,きが
,こう
握力,あくりょく
長らく,ながらく
,とぎ
,ことわざ
悲観,ひかん
,は
二七日,ふたなのか
荒い,あらい
興業,こうぎょう
耐火,たいか
給付,きゅうふ
,つく
毎時,まいじ
,しと
誌,し
目覚まし,めざまし
如来,にょらい
継承,けいしょう
陽子,ようし
単一,たんいつ
臨床,りんしょう
教習,きょうしゅう
悪人,あくにん
番手,ばんて
青白い,あおじろい
,ゲスト
,うっかり
大字,おおあざ
出願,しゅつがん
吸い込む,すいこむ
貸し,かし
北口,きたぐち
終結,しゅうけつ
待ち,まち
奏でる,かなでる
新,しん
真心,まごころ
別人,べつじん
党首,とうしゅ
駐在,ちゅうざい
丈,たけ
,そうにない
擁立,ようりつ
隔たり,へだたり
,ぶり
自我,じが
試みる,こころみる
,りょう
,どうしても
異端,いたん
話をする,はなしをする
株価,かぶか
最長,さいちょう
天理,てんり
部会,ぶかい
雑木林,ぞうきばやし
,ゆう
発泡,はっぽう
離脱,りだつ
被服,ひふく
終盤,しゅうばん
志望,しぼう
冠,かんむり
,ブログ
強大,きょうだい
長引く,ながびく
運航,うんこう
答申,とうしん
塗装,とそう
看病,かんびょう
水蒸気,すいじょうき
身内,みうち
込める,こめる
農耕,のうこう
宴席,えんせき
弾圧,だんあつ
当社,とうしゃ
待望,たいぼう
極限,きょくげん
腕時計,うでどけい
訃報,ふほう
責める,せめる
受注,じゅちゅう
火薬,かやく
来場,らいば
苦悩,くのう
銅像,どうぞう
親父,おやじ
乗員,じょういん
,むし
便,びん
器用,きよう
熱意,ねつい
所定,しょてい
得,とく
手話,しゅわ
,レッスン
せが高い,せがたかい
額,ひたい
,のびのび
卸売,おろしうり
県民,けんみん
新緑,しんりょく
鼓動,こどう
彫る,ほる
堅固,けんご
校歌,こうか
西日本,にしにほん
用件,ようけん
次長,じちょう
電圧,でんあつ
嫌疑,けんぎ
皇帝,こうてい
愛用,あいよう
女神,めがみ
白木,しらき
江,え
,とる
裁く,さばく
格子,こうし
野鳥,やちょう
大河,たいが
高名,こうみょう
発熱,はつねつ
推す,おす
出身者,しゅっしんしゃ
懇談,こんだん
,ジャパン
,しかも
,かかる
,わ
愛称,あいしょう
漢語,かんご
鉄骨,てっこつ
店頭,てんとう
,アップ
展覧,てんらん
円柱,まるばしら
蛇行,だこう
授与,じゅよ
,まずい
あだ名,あだな
施策,しさく
坊さん,ぼうさん
法制,ほうせい
面,めん
標高,ひょうこう
歌集,かしゅう
多,た
市営,しえい
植物園,しょくぶつえん
碑,いしぶみ
山頂,さんちょう
綿密,めんみつ
,とっくに
残らず,のこらず
側近,そっきん
,っこ
題材,だいざい
品切れ,しなぎれ
肉食,にくしょく
,あらゆる
昇降,しょうこう
座布団,ざぶとん
渇き,かわき
初頭,しょとう
兆し,きざし
神殿,しんでん
過酷,かこく
,ところが
行程,こうてい
前例,ぜんれい
飛躍,ひやく
広域,こういき
商事,しょうじ
郷里,きょうり
景観,けいかん
連中,れんちゅう
導く,みちびく
厳格,げんかく
懸賞,けんしょう
愛好,あいこう
行儀,ぎょうぎ
分業,ぶんぎょう
転送,てんそう
競走,きょうそう
乾電池,かんでんち
油田,ゆでん
励む,はげむ
弁論,べんろん
,からこそ
抑圧,よくあつ
,オーバー
慣例,かんれい
兼,けん
,ミニ
初恋,はつこい
究明,きゅうめい
選択肢,せんたくし
民放,みんぽう
断面,だんめん
白,はく
一二,いちに
使者,ししゃ
円安,えんやす
軽量,けいりょう
,ほうき
愛しい,いとしい
忠実,ちゅうじつ
謄本,とうほん
気力,きりょく
出火,しゅっか
緑茶,りょくちゃ
鋭利,えいり
戒め,いましめ
,じんけんひ
楽曲,がっきょく
翁,おう
認知,にんち
小便,しょうべん
始終,しじゅう
,アピール
進入,しんにゅう
枚,まい
焼ける,やける
一新,いっしん
,ず
心得る,こころえる
蛇の目,じゃのめ
流し,ながし
格別,かくべつ
中道,ちゅうどう
解任,かいにん
疾患,しっかん
答弁,とうべん
一心,いっしん
軽薄,けいはく
告発,こくはつ
刺さる,ささる
薄着,うすぎ
差異,さい
係争,けいそう
座禅,ざぜん
二分,にぶん
,はめる
,ポジション
隔てる,へだてる
長身,ちょうしん
開花,かいか
鈍る,にぶる
団長,だんちょう
半生,はんせい
生ずる,しょうずる
立ち上がる,たちあがる
区内,くない
土間,どま
南中,なんちゅう
敗退,はいたい
転職,てんしょく
財閥,ざいばつ
潰す,つぶす
並び,ならび
要員,よういん
何者,なにもの
速達,そくたつ
屋台,やたい
情緒,じょうちょ
大した,たいした
妻子,さいし
泰,たい
毛糸,けいと
常任,じょうにん
手頃,てごろ
仁,にん
滴,しずく
監禁,かんきん
応接,おうせつ
大将,たいしょう
救済,きゅうさい
年鑑,ねんかん
駅伝,えきでん
近隣,きんりん
永続,えいぞく
快い,こころよい
信託,しんたく
覆面,ふくめん
暴走,ぼうそう
心強い,こころづよい
眺望,ちょうぼう
軒先,のきさき
願望,がんもう
終身,しゅうしん
不全,ふぜん
遂行,すいこう
浪人,ろうにん
筆頭,ふでがしら
,もし
新党,しんとう
色気,いろけ
顕著,けんちょ
さ来月,さらいげつ
入団,にゅうだん
放題,ほうだい
不,ふ
,ずれ
,をもって
被災,ひさい
海域,かいいき
年配,ねんぱい
力士,りきし
外,がい
,ずらり
緩急,かんきゅう
前線,ぜんせん
,ハイ
虐待,ぎゃくたい
一目,ひとめ
増刷,ぞうさつ
祖国,そこく
考察,こうさつ
油絵,あぶらえ
粘膜,ねんまく
,おもしろ
心情,しんじょう
平常,へいじょう
四本,よんほん
坊主,ぼうず
対外,たいがい
下方,かほう
いい子,いいこ
解析,かいせき
人だかり,ひとだかり
翌朝,よくあさ
東国,とうごく
,タウン
病室,びょうしつ
,いざ
,ぶどう
歯ブラシ,はブラシ
,マイク
手動,しゅどう
和英,わえい
,たい
山陽,さんよう
順次,じゅんじ
腰痛,ようつう
控える,ひかえる
庁舎,ちょうしゃ
,しょくせいかつ
商法,しょうほう
鳥獣,ちょうじゅう
一抹,いちまつ
竜巻,たつまき
自体,じたい
恋しい,こいしい
通報,つうほう
障子,しょうじ
,サラダ
,せる
模索,もさく
算数,さんすう
握り,にぎり
疫病,えきびょう
派,は
障る,さわる
荒木,あらき
織機,しょっき
宣告,せんこく
休館,きゅうかん
孝行,こうこう
切れる,きれる
月光,げっこう
流布,るふ
無責任,むせきにん
和む,なごむ
慕う,したう
後部,こうぶ
定食,ていしょく
内訳,うちわけ
僧,そう
酢酸,さくさん
憲章,けんしょう
,ととのった
増税,ぞうぜい
,アイデア
衰える,おとろえる
川沿い,かわぞい
原文,げんぶん
近海,きんかい
,オイル
適性,てきせい
名声,めいせい
帰還,きかん
救急,きゅうきゅう
奥行き,おくゆき
子分,こぶん
地中,ちちゅう
夕立,ゆうだち
現れ,あらわれ
夜空,よぞら
近道,ちかみち
見込む,みこむ
途絶える,とだえる
濃厚,のうこう
大関,おおぜき
取り扱い,とりあつかい
売れ行き,うれゆき
,ぎっしり
債権,さいけん
無意味,むいみ
冬休み,ふゆやすみ
,ハウス
,うらがわ
,ソロ
,つい
駆動,くどう
室,しつ
,すっきり
捕鯨,ほげい
物置,ものおき
事典,じてん
惜しむ,おしむ
種子,しゅし
海中,かいちゅう
師団,しだん
急逝,きゅうせい
砂浜,すなはま
半面,はんめん
純,じゅん
明瞭,めいりょう
内蔵,ないぞう
旬,じゅん
縫製,ほうせい
親族,しんぞく
無色,むしょく
崇拝,すうはい
県警,けんけい
学士,がくし
,せっかく
躍動,やくどう
粘り強い,ねばりづよい
珍重,ちんちょう
哺乳類,ほにゅうるい
高見,こうけん
,なくてはならない
考え方,かんがえかた
,にっこり
青葉,あおば
財源,ざいげん
支障,ししょう
山水,さんすい
公布,こうふ
評議,ひょうぎ
暗号,あんごう
船橋,ふなばし
中流,ちゅうりゅう
印鑑,いんかん
車中,しゃちゅう
応答,おうとう
連敗,れんぱい
預託,よたく
謙虚,けんきょ
非公式,ひこうしき
,つき
回線,かいせん
妨げ,さまたげ
生成,せいせい
軒,のき
,いれば
包帯,ほうたい
両面,りょうめん
身元,みもと
初演,しょえん
人中,ひとなか
供,とも
一変,いっぺん
比較的,ひかくてき
塁,るい
,ベルト
極楽,ごくらく
脊髄,せきずい
不屈,ふくつ
修復,しゅうふく
共働き,ともばたらき
,ボルト
日報,にっぽう
寿,ことぶき
親しみ,したしみ
的中,てきちゅう
望月,ぼうげつ
必須,ひっす
願書,がんしょ
物流,ぶつりゅう
砕ける,くだける
同調,どうちょう
姫,ひめ
理工,りこう
,ほかない
,なり
備わる,そなわる
胸中,きょうちゅう
嘱託,しょくたく
,たい
大社,たいしゃ
,しわ
流入,りゅうにゅう
風車,かざぐるま
仮処分,かりしょぶん
管内,かんない
日焼け,ひやけ
訴える,うったえる
一休み,ひとやすみ
,じったいちょうさ
水銀,すいぎん
包括,ほうかつ
清浄,せいじょう
特捜,とくそう
宗,しゅう
旨,むね
町中,まちなか
就く,つく
南山,なんざん
隊長,たいちょう
粒子,りゅうし
大部分,だいぶぶん
返上,へんじょう
老後,ろうご
驚異,きょうい
素描,そびょう
飽和,ほうわ
,フィリピン
義,ぎ
勤勉,きんべん
原案,げんあん
実名,じつめい
器官,きかん
装甲,そうこう
当分,とうぶん
大雪,おおゆき
切実,せつじつ
陛下,へいか
域内,いきない
お昼,おひる
源,みなもと
大規模,だいきぼ
藩主,はんしゅ
公子,こうし
汽笛,きてき
口座,こうざ
卓球,たっきゅう
最古,さいこ
積雪,せきせつ
花園,はなぞの
山車,だし
有用,ゆうよう
勧誘,かんゆう
船便,ふなびん
無,ぶ
多角,たかく
お知らせ,おしらせ
塞がる,ふさがる
大蛇,だいじゃ
間柄,あいだがら
風速,ふうそく
至急,しきゅう
布告,ふこく
,コンセント
,けんこうほけん
時空,じくう
お手伝い,おてつだい
制する,せいする
歌劇,かげき
紋章,もんしょう
殴打,おうだ
多量,たりょう
,ン
周波数,しゅうはすう
一様,いちよう
官房,かんぼう
短所,たんしょ
万国,ばんこく
帯びる,おびる
式典,しきてん
同上,どうじょう
任,にん
港湾,こうわん
先天的,せんてんてき
三女,さんじょ
定時,ていじ
,かん
夕暮れ,ゆうぐれ
精度,せいど
建造,けんぞう
老い,おい
味覚,みかく
有益,ゆうえき
,わく
応対,おうたい
海抜,かいばつ
初夏,はつなつ
,ゆとり
競輪,けいりん
胴体,どうたい
連動,れんどう
所要,しょよう
水槽,すいそう
手がかり,てがかり
,ふざける
石橋,いしばし
目印,めじるし
羊,ひつじ
大相撲,おおずもう
暮れる,くれる
手持ち,てもち
白血病,はっけつびょう
逃す,のがす
,あき
遺言,ゆいごん
無難,ぶなん
侵攻,しんこう
脚色,きゃくしょく
近親,きんしん
他国,たこく
,かき
恐竜,きょうりゅう
端末,たんまつ
受け止める,うけとめる
忍ぶ,しのぶ
上,じょう
運び,はこび
父さん,とうさん
欠如,けつじょ
古墳,こふん
保留,ほりゅう
夕焼け,ゆうやけ
遠征,えんせい
日の入り,ひのいり
賛否,さんぴ
,よぼうせっしゅ
断つ,たつ
仁王,におう
詠む,よむ
家系,かけい
傷害,しょうがい
,テクニック
魔術,まじゅつ
労力,ろうりょく
前述,ぜんじゅつ
連立,れんりつ
大黒柱,だいこくばしら
損ねる,そこねる
回り,まわり
歩道橋,ほどうきょう
,よろしい
視聴,しちょう
土日,どにち
鮮魚,せんぎょ
綱,つな
有数,ゆうすう
,パジャマ
略称,りゃくしょう
畜産,ちくさん
発端,ほったん
区立,くりつ
傲慢,ごうまん
,べっぴょう
猶予,ゆうよ
焦がす,こがす
汚職,おしょく
谷川,たにがわ
完璧,かんぺき
舞踊,ぶよう
実戦,じっせん
定まる,さだまる
見渡す,みわたす
,みかん
参謀,さんぼう
,おり
瓦,かわら
難易,なんい
染色,せんしょく
質実,しつじつ
率先,そっせん
田畑,たはた
排出,はいしゅつ
裏返し,うらがえし
男優,だんゆう
愚痴,ぐち
,トヨタ
隙,すき
陶芸,とうげい
風味,ふうみ
納税,のうぜい
拒絶,きょぜつ
野原,のはら
,ふさわしい
発火,はっか
緩慢,かんまん
語らう,かたらう
,ゆり
慰安,いあん
修業,しゅぎょう
比重,ひじゅう
長距離,ちょうきょり
,アーティスト
養殖,ようしょく
英会話,えいかいわ
新旧,しんきゅう
三日月,みかづき
豚,ぶた
頂,いただき
耕作,こうさく
何にも,なんにも
興行,こうぎょう
,かご
採掘,さいくつ
,じょうえつ
間際,まぎわ
重んじる,おもんじる
中盤,ちゅうばん
画期的,かっきてき
参院,さんいん
,じょうしん
傘下,さんか
開局,かいきょく
旦那,だんな
衣,ころも
構え,かまえ
遠方,えんぽう
浮く,うく
出来上がり,できあがり
直感,ちょっかん
汽船,きせん
登用,とうよう
刀剣,とうけん
万年,まんねん
脅威,きょうい
過激,かげき
,ハワイ
努めて,つとめて
目減り,めべり
集金,しゅうきん
人減らし,ひとべらし
仕上がり,しあがり
任す,まかす
史料,しりょう
計上,けいじょう
均等,きんとう
,かく
単身,たんしん
鼻血,はなぢ
驚かす,おどろかす
座談会,ざだんかい
暴行,ぼうこう
吐露,とろ
拾得,しゅうとく
開戦,かいせん
旋律,せんりつ
気泡,きほう
練る,ねる
延べ,のべ
似通う,にかよう
冷却,れいきゃく
女中,じょちゅう
交える,まじえる
町並み,まちなみ
長持ち,ながもち
厄介,やっかい
垣根,かきね
茶屋,ちゃや
決済,けっさい
天神,てんじん
ＣＤ,シーディー
物品,ぶっぴん
論ずる,ろんずる
品薄,しなうす
,テント
原画,げんが
,ふりがな
国政,こくせい
ＤＶＤ,ディーブイディー
,じい
技法,ぎほう
薬指,くすりゆび
間中,あいだじゅう
喫茶,きっさ
殉職,じゅんしょく
侍女,じじょ
仮,かり
貨車,かしゃ
真っ黒,まっくろ
養う,やしなう
戦士,せんし
余分,よぶん
青色,せいしょく
下痢,げり
長老,ちょうろう
令和,れいわ
禅寺,ぜんでら
,きちんと
直撃,ちょくげき
王妃,おうひ
初旬,しょじゅん
凝固,ぎょうこ
,ペア
浴室,よくしつ
山村,さんそん
栄冠,えいかん
蓮,はす
苦戦,くせん
落札,らくさつ
,ラーメン
,いっこだて
低める,ひくめる
請う,こう
芸人,げいにん
動脈,どうみゃく
師匠,ししょう
機材,きざい
直轄,ちょっかつ
一発,いっぱつ
,とたんに
二者択一,にしゃたくいつ
肉類,にくるい
知らせ,しらせ
円満,えんまん
会費,かいひ
在来,ざいらい
,りこ
裏口,うらぐち
悟り,さとり
付与,ふよ
視力,しりょく
在任,ざいにん
取り組む,とりくむ
尼,あま
簡素,かんそ
,とら
冷や汗,ひやあせ
末端,まったん
連れる,つれる
桑畑,くわばた
郷土,きょうど
物足りない,ものたりない
衆,しゅ
台無し,だいなし
相性,あいしょう
隔たる,へだたる
細長い,ほそながい
政務,せいむ
,ヤング
品目,しなめ
菊花,きくか
面目,めんぼく
粗末,そまつ
祝福,しゅくふく
作製,さくせい
擦る,する
忠告,ちゅうこく
一旦,いったん
員,いん
日韓,にっかん
憎らしい,にくらしい
探偵,たんてい
炎天,えんてん
投じる,とうじる
,いただきます
三振,さんしん
液晶,えきしょう
分別,ぶんべつ
鍵盤,けんばん
岩石,がんせき
冷酷,れいこく
悪者,わるもの
説教,せっきょう
免疫,めんえき
和食,わしょく
,クッション
千里,せんり
下記,かき
最先端,さいせんたん
加味,かみ
量,りょう
実体,じったい
険しい,けわしい
裁判所,さいばんしょ
演歌,えんか
,きっちり
稚魚,ちぎょ
小児,しょうに
床の間,とこのま
即座,そくざ
,しびれる
軍団,ぐんだん
県道,けんどう
陥没,かんぼつ
連結,れんけつ
監修,かんしゅう
膨張,ぼうちょう
微笑,びしょう
自衛隊,じえいたい
切り札,きりふだ
女子,めこ
差し引き,さしひき
朝ご飯,あさごはん
,チェーン
日系,にっけい
昼過ぎ,ひるすぎ
平ら,たいら
転身,てんしん
災難,さいなん
大喜び,おおよろこび
供物,くもつ
,リーダー
戒律,かいりつ
開場,かいじょう
群,ぐん
,ちん
和室,わしつ
罰する,ばっする
,いやに
邪悪,じゃあく
頑丈,がんじょう
防疫,ぼうえき
歌曲,かきょく
志す,こころざす
,ティッシュ
何やら,なにやら
合金,ごうきん
従軍,じゅうぐん
北風,きたかぜ
造形,ぞうけい
戦災,せんさい
,ガキ
管制,かんせい
自白,じはく
常連,じょうれん
,きらい
山野,さんや
打ち切る,うちきる
滑走,かっそう
退役,たいえき
直流,ちょくりゅう
憎む,にくむ
醸造,じょうぞう
無論,むろん
畳む,たたむ
改名,かいめい
主将,しゅしょう
暴騰,ぼうとう
隔て,へだて
浮上,ふじょう
,とえい
救出,きゅうしゅつ
調教,ちょうきょう
,カヌー
種別,しゅべつ
枯死,こし
,げんじゅうしょ
卸す,おろす
岐路,きろ
一敗,いっぱい
,プラットホーム
床,ゆか
観戦,かんせん
一覧,いちらん
投与,とうよ
大道,だいどう
一気,いっき
下,げ
中等,ちゅうとう
出番,でばん
,レンタル
間食,かんしょく
人望,じんぼう
極東,きょくとう
要約,ようやく
師事,しじ
歓声,かんせい
通告,つうこく
一女,いちじょ
,じつわ
寡黙,かもく
座標,ざひょう
長者,ちょうじゃ
,そっけない
民家,みんか
本堂,ほんどう
各国,かっこく
対する,たいする
緩い,ゆるい
全滅,ぜんめつ
投下,とうか
後回し,あとまわし
高性能,こうせいのう
,プラスチック
均一,きんいつ
祝儀,しゅうぎ
全焼,ぜんしょう
軽,けい
陰影,いんえい
同感,どうかん
北欧,ほくおう
兆,ちょう
部数,ぶすう
,バーベキュー
野手,やしゅ
犠打,ぎだ
気前,きまえ
,ヒーター
酵素,こうそ
震える,ふるえる
論理的,ろんりてき
客車,きゃくしゃ
司令,しれい
言及,げんきゅう
増設,ぞうせつ
敷設,ふせつ
体裁,ていさい
元帥,げんすい
打ち出す,うちだす
,キャッチ
中傷,ちゅうしょう
枢軸,すうじく
高額,こうがく
溶ける,とける
落ち,おち
,クリア
甲板,かんぱん
国大,こくだい
,ホワイトデー
,いき
必然的,ひつぜんてき
皇太子,こうたいし
伝承,でんしょう
,ブル
,モノ
,いし
初出,しょしゅつ
断絶,だんぜつ
吐き気,はきけ
常時,じょうじ
漁村,ぎょそん
大同,だいどう
福音,ふくいん
,スト
凸版,とっぱん
匿名,とくめい
霞,かすみ
過疎,かそ
抜かる,ぬかる
小規模,しょうきぼ
卵黄,らんおう
略奪,りゃくだつ
,にほんが
同点,どうてん
代打,だいだ
感性,かんせい
,どき
馬力,ばりき
何回,なんかい
,たどる
危うく,あやうく
焦げる,こげる
早起き,はやおき
学生,がくしょう
,よい
医大,いだい
公示,こうし
多彩,たさい
,めじろ
,のり
賭ける,かける
行脚,あんぎゃ
軍用,ぐんよう
女流,じょりゅう
侵害,しんがい
方位,ほうい
打率,だりつ
心境,しんきょう
中和,ちゅうわ
持ち込む,もちこむ
演ずる,えんずる
偽,にせ
愛人,あいじん
極秘,ごくひ
,ほっと
強要,きょうよう
更,さら
協賛,きょうさん
観音,かんのん
禅宗,ぜんしゅう
脅す,おどす
奇数,きすう
就業,しゅうぎょう
硫酸,りゅうさん
高官,こうかん
先駆,せんく
逆襲,ぎゃくしゅう
日,か
木場,きば
料,りょう
宝物,たからもの
撲滅,ぼくめつ
覚醒剤,かくせいざい
出来栄え,できばえ
足場,あしば
締め切る,しめきる
木本,もくほん
憎い,にくい
二死,にし
月,げつ
電柱,でんちゅう
白黒,しろくろ
崖,がけ
浮沈,ふちん
錯覚,さっかく
旺盛,おうせい
指標,しひょう
枠組み,わくぐみ
,ぞ
尿,にょう
施工,しこう
陣営,じんえい
路面,ろめん
説く,とく
校閲,こうえつ
反逆,はんぎゃく
境遇,きょうぐう
水泡,すいほう
兵力,へいりょく
本数,ほんすう
監査,かんさ
,じゅうみんぜい
訳,やく
起床,きしょう
高僧,こうそう
文科,ぶんか
緒,お
紋,もん
,なるほど
航行,こうこう
無所属,むしょぞく
歳月,さいげつ
志願,しがん
日傘,ひがさ
,ふにん
民生,みんせい
忘年会,ぼうねんかい
異例,いれい
寝室,しんしつ
養鶏,ようけい
尼僧,にそう
英字,えいじ
興,きょう
素朴,そぼく
農,のう
板前,いたまえ
不快,ふかい
上,うわ
関東,かんとう
,バレエ
藻類,そうるい
不作,ふさく
長寿,ちょうじゅ
,いかん
引き金,ひきがね
耐久,たいきゅう
王室,おうしつ
,ストレス
定休日,ていきゅうび
行楽,こうらく
異議,いぎ
資材,しざい
結束,けっそく
掛け,かけ
葛,くず
公司,こうし
植木鉢,うえきばち
送付,そうふ
肌着,はだぎ
出没,しゅつぼつ
奴隷,どれい
途端,とたん
光学,こうがく
武道,ぶどう
足音,あしおと
,にあたって
来る,きたる
支所,ししょ
欲しがる,ほしがる
書名,しょめい
執着,しゅうじゃく
公職,こうしょく
騎手,きしゅ
序盤,じょばん
末,まつ
押し,おし
温和,おんわ
耕地,こうち
,ハイヒール
,パイロット
年男,としおとこ
作為,さくい
,おおむぎ
,カトリック
呼び名,よびな
藤,ふじ
張り切る,はりきる
国務,こくむ
歩兵,ほへい
半袖,はんそで
お世辞,おせじ
現時点,げんじてん
,ユーザー
基調,きちょう
心から,しんから
鈍い,にぶい
種々,しゅじゅ
粘り,ねばり
義父,ぎふ
旧制,きゅうせい
,よる
集積,しゅうせき
,い
英明,えいめい
番付,ばんづけ
適合,てきごう
病床,びょうしょう
岩場,いわば
常,つね
法定,ほうてい
習字,しゅうじ
目当て,めあて
造成,ぞうせい
,トン
お参り,おまいり
お互い,おたがい
時効,じこう
遅咲き,おそざき
主宰,しゅさい
出くわす,でくわす
見習い,みならい
党員,とういん
鳥類,ちょうるい
見に行く,みにいく
葉っぱ,はっぱ
,かゆい
,ボランティア
侵す,おかす
,しばしば
舞踏,ぶとう
,みの
持っていく,もっていく
勲章,くんしょう
車線,しゃせん
始動,しどう
会,え
お祝い,おいわい
大震災,だいしんさい
外堀,そとぼり
中耳炎,ちゅうじえん
感度,かんど
男女,おとこおんな
無職,むしょく
名,めい
子宮,しきゅう
呼称,こしょう
腰部,ようぶ
値上がり,ねあがり
高,こう
母の日,ははのひ
流用,りゅうよう
同局,どうきょく
暗闇,くらやみ
折り返し,おりかえし
合作,がっさく
,へそ
,あいのり
弱気,よわき
量産,りょうさん
骨格,こっかく
荒れる,あれる
利口,りこう
縮図,しゅくず
反戦,はんせん
山本,やまもと
節,せつ
公益,こうえき
,あかつき
,それなら
肩書,かたがき
所蔵,しょぞう
北国,ほっこく
乳児,にゅうじ
外電,がいでん
白バイ,しろバイ
学区,がっく
,ギャング
賢明,けんめい
書き出し,かきだし
局面,きょくめん
行員,こういん
模倣,もほう
良質,りょうしつ
,あいつ
怠惰,たいだ
参拝,さんぱい
復元,ふくげん
,おどり
,ドクター
遺族,いぞく
死因,しいん
結末,けつまつ
徴兵,ちょうへい
食後,しょくご
協奏曲,きょうそうきょく
炊事,すいじ
中型,ちゅうがた
名山,めいざん
郡部,ぐんぶ
兵役,へいえき
海流,かいりゅう
小,こ
新橋,しんばし
先見,せんけん
,こう
書簡,しょかん
,にかけて
奇怪,きかい
討議,とうぎ
祈願,きがん
気に入り,きにいり
硬度,こうど
築く,きずく
私用,しよう
駆使,くし
円,まる
,アラブ
空襲,くうしゅう
同性,どうせい
欠く,かく
全土,ぜんど
決行,けっこう
初夢,はつゆめ
流動,りゅうどう
違和感,いわかん
開墾,かいこん
酔っ払い,よっぱらい
休戦,きゅうせん
接待,せったい
譲歩,じょうほ
会心,かいしん
溶く,とく
清貧,せいひん
長生,ちょうせい
重度,じゅうど
観覧,かんらん
王位,おうい
済み,すみ
納屋,なや
字幕,じまく
国勢調査,こくせいちょうさ
忘却,ぼうきゃく
自民,じみん
凝視,ぎょうし
,てがき
,さよなら
台頭,たいとう
地裁,ちさい
一軍,いちぐん
,もろい
全幅,ぜんぷく
県,けん
,カフェ
一枚,いちまい
倉敷,くらしき
分間,ふんかん
,ぜいりし
文教,ぶんきょう
独り言,ひとりごと
濃霧,のうむ
肥える,こえる
弱虫,よわむし
隠居,いんきょ
東日本,ひがしにほん
矢印,やじるし
市道,しどう
芸,げい
経常,けいじょう
旅行者,りょこうしゃ
分かれ,わかれ
,あげ
部落,ぶらく
断片,だんぺん
続編,ぞくへん
神楽,かぐら
損傷,そんしょう
国軍,こくぐん
墓参り,はかまいり
応える,こたえる
改編,かいへん
本業,ほんぎょう
水洗,すいせん
射撃,しゃげき
耕す,たがやす
難航,なんこう
荒野,こうや
脈,みゃく
,じょうほうしょり
懐かしむ,なつかしむ
印紙,いんし
期末,きまつ
打開,だかい
一塁,いちるい
解禁,かいきん
客員,きゃくいん
離宮,りきゅう
攻略,こうりゃく
指紋,しもん
末日,まつじつ
揃う,そろう
召集,しょうしゅう
口癖,くちぐせ
共鳴,きょうめい
目覚め,めざめ
党内,とうない
救護,きゅうご
対局,たいきょく
腎臓,じんぞう
妨げる,さまたげる
分かつ,わかつ
月日,がっぴ
打ち切り,うちきり
乳首,ちくび
,あくじょ
水域,すいいき
女々しい,めめしい
,くぐる
大砲,たいほう
政局,せいきょく
,しゃがむ
時として,ときとして
因子,いんし
特典,とくてん
区切る,くぎる
没,ぼつ
不可欠,ふかけつ
増進,ぞうしん
鶏卵,けいらん
臨海,りんかい
殿堂,でんどう
,のろのろ
奏者,そうしゃ
断,だん
魔,ま
,サイクル
赤らむ,あからむ
影絵,かげえ
月食,げっしょく
質疑,しつぎ
,エチケット
防護,ぼうご
,すると
楽天,らくてん
改装,かいそう
仕入れる,しいれる
開口,かいこう
含蓄,がんちく
家政,かせい
従業員,じゅうぎょういん
,タッチ
高下,こうげ
良さ,よさ
将校,しょうこう
議事堂,ぎじどう
準じる,じゅんじる
君,くん
食べ残し,たべのこし
近寄る,ちかよる
先人,せんじん
,わん
,ろくな
,きん
四国,しこく
ご覧になる,ごらんになる
一校,いっこう
,アレンジ
国債,こくさい
口頭,こうとう
実る,みのる
,ワット
正味,しょうみ
円盤,えんばん
住職,じゅうしょく
十年,じゅうねん
長雨,ながあめ
,なんとも
集約,しゅうやく
,こし
昼夜,ちゅうや
錦,にしき
匠,たくみ
明言,めいげん
漬物,つけもの
院内,いんない
噴出,ふんしゅつ
浮世絵,うきよえ
特設,とくせつ
柳,やなぎ
四球,しきゅう
,ポップコーン
構図,こうず
,かな
報復,ほうふく
尽きる,つきる
薄まる,うすまる
晴天,せいてん
埋蔵,まいぞう
実費,じっぴ
住まう,すまう
車,しゃ
古来,こらい
洋酒,ようしゅ
凍える,こごえる
観賞,かんしょう
,やや
,スプリング
非公開,ひこうかい
恥じらう,はじらう
送迎,そうげい
日間,にっかん
,ねんれいそう
合弁,ごうべん
供与,きょうよ
水路,すいろ
別館,べっかん
不純,ふじゅん
症候群,しょうこうぐん
分身,ぶんしん
新曲,しんきょく
捧げる,ささげる
精算,せいさん
肥満,ひまん
,させる
無形,むけい
,しり
荘厳,そうごん
共著,きょうちょ
偉人,いじん
指針,ししん
内装,ないそう
効き目,ききめ
補い,おぎない
引き上げ,ひきあげ
駅長,えきちょう
共生,きょうせい
税,ぜい
銀色,ぎんいろ
中将,ちゅうじょう
,レントゲン
生,ふ
入校,にゅうこう
子,し
守り,もり
自称,じしょう
生放送,なまほうそう
,ホームステイ
時限,じげん
,ふつうよきん
築き上げる,きずきあげる
急に,きゅうに
親交,しんこう
,くつろぐ
,エンジニア
退場,たいじょう
幼稚,ようち
哲人,てつじん
開ける,ひらける
混ざる,まざる
音質,おんしつ
暗黒,あんこく
脅かす,おどかす
降下,こうか
悪意,あくい
聴取,ちょうしゅ
,キス
行間,ぎょうかん
添加,てんか
声優,せいゆう
無償,むしょう
亀裂,きれつ
格,かく
略歴,りゃくれき
定住,ていじゅう
探査,たんさ
喫する,きっする
装着,そうちゃく
衰退,すいたい
感涙,かんるい
帰す,かえす
,ドット
,ハンサム
夜景,やけい
女子大,じょしだい
愛国,あいこく
高値,たかね
没落,ぼつらく
幕末,ばくまつ
牧野,ぼくや
寸前,すんぜん
紛失,ふんしつ
,したい
陶器,とうき
,じっくり
,かおあわせ
漂白,ひょうはく
,うぬぼれ
船体,せんたい
八幡,はちまん
劇薬,げきやく
,つかえる
女婿,じょせい
多額,たがく
標的,ひょうてき
認証,にんしょう
画集,がしゅう
先,せん
名月,めいげつ
誇張,こちょう
梅酒,うめしゅ
起動,きどう
被爆,ひばく
原型,げんけい
既婚,きこん
保養,ほよう
露骨,ろこつ
場外,じょうがい
回送,かいそう
先制,せんせい
工房,こうぼう
共済,きょうさい
半減,はんげん
称号,しょうごう
,しか
,ちょくちょく
,いむ
妥当,だとう
暗示,あんじ
今,こん
史学,しがく
台場,だいば
中間,ちゅうげん
松原,まつばら
窯業,ようぎょう
分の,ぶんの
常軌,じょうき
小,しょう
長短,ちょうたん
台詞,せりふ
緩み,ゆるみ
電化,でんか
焦る,あせる
告訴,こくそ
台地,だいち
,マッサージ
校内,こうない
,あざ
容赦,ようしゃ
新芽,しんめ
,ゆず
丹,に
領海,りょうかい
向け,むけ
編曲,へんきょく
旅券,りょけん
,アクセサリー
杯,さかずき
故意,こい
戸棚,とだな
家電,かでん
偽装,ぎそう
,おしぼり
妖怪,ようかい
西,せい
引っ込む,ひっこむ
巧妙,こうみょう
,ガレージ
泳ぎ,およぎ
直,じき
,かん
転々,てんてん
増殖,ぞうしょく
,アナウンサー
機,き
,つまずく
繊細,せんさい
,いっそ
半田,はんだ
手分け,てわけ
,くわえる
解く,とく
樹脂,じゅし
木,もく
真下,ました
裏返す,うらがえす
商標,しょうひょう
大男,おおおとこ
諸君,しょくん
魚雷,ぎょらい
歴任,れきにん
行,こう
託す,たくす
衆院,しゅういん
,せっせと
洋楽,ようがく
,モニター
整える,ととのえる
生年,せいねん
桁,けた
,と
,と
冷や,ひや
液,えき
提言,ていげん
浅瀬,あさせ
受託,じゅたく
歌唱,かしょう
条項,じょうこう
,はん
脊椎,せきつい
絞める,しめる
皇居,こうきょ
高台,たかだい
工員,こういん
臭い,くさい
部位,ぶい
自転,じてん
精通,せいつう
山,さん
無双,むそう
声楽,せいがく
打倒,だとう
静粛,せいしゅく
寄生,きせい
第一,だいいち
擦り傷,すりきず
路地,ろじ
工科,こうか
招集,しょうしゅう
報,ほう
途上国,とじょうこく
救命,きゅうめい
御所,ごしょ
話,わ
上下,かみしも
辛抱,しんぼう
背ける,そむける
仙人,せんにん
身柄,みがら
配属,はいぞく
人気,じんき
合体,がったい
英国,えいこく
引き下げる,ひきさげる
,まとめる
滅びる,ほろびる
倣う,ならう
乗降,じょうこう
,こっかしけん
,ぜん
中庭,なかにわ
,ありのまま
混じる,まじる
魂胆,こんたん
在位,ざいい
預かり,あずかり
冊,さつ
漠然,ばくぜん
,わたし
緩める,ゆるめる
盲点,もうてん
罰則,ばっそく
性,せい
書き込む,かきこむ
稼働,かどう
切,せつ
腹部,ふくぶ
恐慌,きょうこう
蛇口,じゃぐち
学友,がくゆう
大山,たいざん
武将,ぶしょう
,うず
,やすらぎ
宅配,たくはい
富豪,ふごう
,ざっと
,しつこい
拍子,ひょうし
三校,さんこう
大筋,おおすじ
和やか,なごやか
史跡,しせき
皮切り,かわきり
領事,りょうじ
波長,はちょう
委任,いにん
全線,ぜんせん
驚嘆,きょうたん
念頭,ねんとう
商用,しょうよう
回顧,かいこ
軍縮,ぐんしゅく
,ファックス
会得,えとく
太字,ふとじ
同封,どうふう
代弁,だいべん
土中,どちゅう
無休,むきゅう
,かい
銘柄,めいがら
,ミックス
恒久,こうきゅう
容認,ようにん
発酵,はっこう
所管,しょかん
攻防,こうぼう
浦,うら
一因,いちいん
一位,いちい
年次,ねんじ
最前線,さいぜんせん
根回し,ねまわし
半端,はんぱ
不安定,ふあんてい
不公平,ふこうへい
,ごうひ
転向,てんこう
遠近,えんきん
,チャレンジ
,こくぶんじ
弱める,よわめる
社会人,しゃかいじん
詔,みことのり
受講,じゅこう
勝者,しょうしゃ
楽団,がくだん
女の子,めのこ
迷路,めいろ
,ホット
奮闘,ふんとう
,あしからず
無能,むのう
互換,ごかん
大差,たいさ
,こする
威張る,いばる
複写,ふくしゃ
防波堤,ぼうはてい
梅雨明け,つゆあけ
最年少,さいねんしょう
治める,おさめる
,ふせん
次官,じかん
買い,かい
証書,しょうしょ
,でかい
染みる,しみる
記,き
攻勢,こうせい
幕僚,ばくりょう
千秋,せんしゅう
保証人,ほしょうにん
,しご
少将,しょうしょう
桐,きり
三度,さんど
人命,じんめい
急死,きゅうし
向ける,むける
,コウモリ
猛獣,もうじゅう
,とめる
編著,へんちょ
水深,すいしん
雑炊,ぞうすい
,そのうち
瀬戸,せと
炭酸,たんさん
,ラジカセ
豊作,ほうさく
提唱,ていしょう
売り,うり
士官,しかん
知れる,しれる
望郷,ぼうきょう
鼓膜,こまく
頭取,とうどり
稲妻,いなずま
見下す,みくだす
民話,みんわ
密か,ひそか
壊滅,かいめつ
,むく
,ウイスキー
振込,ふりこみ
起工,きこう
,コメント
素足,すあし
,ひとまず
緑地,りょくち
書評,しょひょう
弁,べん
呼びかけ,よびかけ
漂着,ひょうちゃく
批准,ひじゅん
空洞,くうどう
痛む,いたむ
漢文,かんぶん
裂く,さく
蒸し暑い,むしあつい
続出,ぞくしゅつ
趣,おもむき
芸名,げいめい
烏,からす
橋脚,きょうきゃく
夏時間,なつじかん
内政,ないせい
北北東,ほくほくとう
頭文字,かしらもじ
九分,くぶ
忍者,にんじゃ
取り出す,とりだす
内定,ないてい
被る,こうむる
十代,じゅうだい
二三,にさん
総括,そうかつ
ラテン語,ラテンご
無茶,むっちゃ
脱走,だっそう
省庁,しょうちょう
押印,おういん
手際,てぎわ
,ギリシャ
崎,さき
玄人,くろうと
十一月,じゅういちがつ
壇,だん
楽しめる,たのしめる
古書,こしょ
催促,さいそく
遠出,とおで
,み
一線,いっせん
専属,せんぞく
太子,たいし
不注意,ふちゅうい
主教,しゅきょう
火,か
紡ぐ,つむぐ
退社,たいしゃ
両端,りょうはし
下落,げらく
極まる,きわまる
寝床,ねどこ
花形,はながた
怠る,おこたる
濃縮,のうしゅく
,よせ
私物,しぶつ
占う,うらなう
女学生,じょがくせい
,あとがき
獅子,しし
,やかましい
,アルカリ
狭める,せばめる
不潔,ふけつ
,とりわけ
,ビザ
全額,ぜんがく
融合,ゆうごう
,きょしき
,さっさ
,たくましい
合致,がっち
私生活,しせいかつ
名曲,めいきょく
希薄,きはく
製法,せいほう
左腕,さわん
射程,しゃてい
カ国,カこく
繰り返し,くりかえし
,したね
地表,ちひょう
変容,へんよう
変わり,かわり
面影,おもかげ
加算,かさん
荒廃,こうはい
冷淡,れいたん
,ドキュメント
,インタビュー
,たて
一個,いっこ
語気,ごき
工具,こうぐ
,まとめ
防水,ぼうすい
拳,こぶし
生ビール,なまビール
産出,さんしゅつ
物産,ぶっさん
原子力,げんしりょく
石垣,いしがき
道中,どうちゅう
湯気,ゆげ
交戦,こうせん
,とんかつ
腰掛け,こしかけ
満了,まんりょう
,び
仲裁,ちゅうさい
幸,さち
大佐,たいさ
,アワー
表題,ひょうだい
,たく
開示,かいじ
不祥事,ふしょうじ
百科,ひゃっか
領地,りょうち
党派,とうは
,さん
下し,くだし
木製,もくせい
脱落,だつらく
刑法,けいほう
注入,ちゅうにゅう
儀礼,ぎれい
休まる,やすまる
母方,ははかた
,チャンネル
,ろんぴょう
打球,だきゅう
松竹梅,しょうちくばい
怒鳴る,どなる
人妻,ひとづま
風刺,ふうし
粘土,ねんど
綿,めん
常設,じょうせつ
内務,ないむ
真の,しんの
交友,こうゆう
多用,たよう
,かろうじて
,いちょう
俵,たわら
,おふくろ
裁縫,さいほう
身の回り,みのまわり
鉄橋,てっきょう
健在,けんざい
作画,さくが
復讐,ふくしゅう
連打,れんだ
,ため
砲撃,ほうげき
一点,いってん
語彙,ごい
浴槽,よくそう
過渡期,かとき
布施,ふせ
主たる,しゅたる
愛想,あいそ
心当たり,こころあたり
,はっけっきゅう
直営,ちょくえい
打ち消す,うちけす
見せつける,みせつける
給水,きゅうすい
会期,かいき
時給,じきゅう
,やり
水系,すいけい
由緒,ゆいしょ
,えい
送電,そうでん
掃く,はく
特訓,とっくん
同町,どうちょう
自伝,じでん
手引き,てびき
明朗,めいろう
裕福,ゆうふく
尋常,じんじょう
講和,こうわ
不合格,ふごうかく
八百屋,やおや
土人,どじん
黒海,こっかい
入植,にゅうしょく
,られる
酒造,しゅぞう
浜辺,はまべ
策,さく
仮称,かしょう
計測,けいそく
疑獄,ぎごく
今春,こんしゅん
不必要,ふひつよう
,カクテル
戦艦,せんかん
添う,そう
負い目,おいめ
膨れる,ふくれる
瞳孔,どうこう
封建,ほうけん
件,くだん
人工的,じんこうてき
老朽,ろうきゅう
窮屈,きゅうくつ
早まる,はやまる
有線,ゆうせん
乗り遅れる,のりおくれる
頻度,ひんど
聖堂,せいどう
鉄筋,てっきん
載る,のる
親密,しんみつ
心不全,しんふぜん
年休,ねんきゅう
陰謀,いんぼう
,さき
縁起,えんぎ
,ウェートレス
隔週,かくしゅう
北緯,ほくい
時報,じほう
縁側,えんがわ
棋士,きし
臓器,ぞうき
遺構,いこう
達人,たつじん
漁港,ぎょこう
痛感,つうかん
,くみきょく
右腕,みぎうで
総統,そうとう
大家,おおや
援護,えんご
羊毛,ようもう
用法,ようほう
文集,ぶんしゅう
服飾,ふくしょく
針金,はりがね
,くじ
優良,ゆうりょう
一向に,いっこうに
箇所,かしょ
等分,とうぶん
受け,うけ
取り寄せる,とりよせる
染織,せんしょく
強豪,きょうごう
盛大,せいだい
探り,さぐり
最短,さいたん
開港,かいこう
詩集,ししゅう
魔女,まじょ
件数,けんすう
千万,せんばん
全勝,ぜんしょう
見た目,みため
清らか,きよらか
桂,かつら
公判,こうはん
引き上げる,ひきあげる
赤松,あかまつ
後続,こうぞく
軌跡,きせき
気さく,きさく
免れる,まぬかれる
婚姻,こんいん
内海,うちかい
洞,ほら
軽率,けいそつ
浄化,じょうか
収納,しゅうのう
未,ひつじ
完結,かんけつ
,カテゴリ
夜逃げ,よにげ
久々,ひさびさ
艦船,かんせん
,なぜならば
隣人,りんじん
戦法,せんぽう
食費,しょくひ
術,じゅつ
,きち
光沢,こうたく
断層,だんそう
,あゆ
,グレー
席上,せきじょう
,げき
花王,かおう
入来,にゅうらい
恐縮,きょうしゅく
目の前,めのまえ
再起,さいき
水滴,すいてき
生ぬるい,なまぬるい
,たる
釘,くぎ
,ひしひし
僧侶,そうりょ
欠乏,けつぼう
突き当たる,つきあたる
壮大,そうだい
鎌,かま
剝げる,はげる
生ゴミ,なまゴミ
代々,よよ
自発,じはつ
露出,ろしゅつ
天災,てんさい
放す,はなす
税制,ぜいせい
銃撃,じゅうげき
向かい,むかい
無関心,むかんしん
番目,ばんめ
参画,さんかく
鋳る,いる
学業,がくぎょう
,きりすて
山道,さんどう
東亜,とうあ
一語,いちご
,つぶやく
掃海,そうかい
,まるっきり
積,せき
怠け者,なまけもの
拙速,せっそく
飲み水,のみみず
,ぐるぐる
河岸,かわぎし
抑え,おさえ
,ことさら
霧雨,きりさめ
紡織,ぼうしょく
代替,だいたい
,たまたま
毎,まい
仲人,ちゅうにん
天空,てんくう
留まる,とどまる
親王,しんのう
下肢,かし
祝賀,しゅくが
没収,ぼっしゅう
支柱,しちゅう
木星,もくせい
回し,まわし
百姓,ひゃくしょう
顔面,がんめん
,とうとう
自首,じしゅ
盤,ばん
好感,こうかん
馬車,ばしゃ
,ふくまくえん
学び,まなび
安価,あんか
先立つ,さきだつ
映り,うつり
大多数,だいたすう
,はてしない
安静,あんせい
書体,しょたい
片思い,かたおもい
済ます,すます
市中,しちゅう
最寄り,もより
脅かす,おびやかす
繁盛,はんじょう
部署,ぶしょ
上せる,のぼせる
神学,しんがく
刷新,さっしん
宛先,あてさき
沢,さわ
,いたガラス
,わら
,いろんな
学外,がくがい
情けない,なさけない
大豆,だいず
相棒,あいぼう
,おかしな
,ホストファミリー
克己,こっき
起因,きいん
駒,こま
,たげん
焦土,しょうど
導き,みちびき
爆笑,ばくしょう
,すいさいが
中絶,ちゅうぜつ
映し出す,うつしだす
許諾,きょだく
潜む,ひそむ
鋼,はがね
信徒,しんと
鋼板,こうはん
知名,ちめい
伝来,でんらい
急いで,いそいで
過度,かど
,もしかして
お祭り,おまつり
銭湯,せんとう
金髪,きんぱつ
事物,じぶつ
生物,なまもの
床屋,とこや
歌謡曲,かようきょく
万事,ばんじ
貸し出し,かしだし
身なり,みなり
国力,こくりょく
定額,ていがく
検閲,けんえつ
野山,のやま
ぶら下げる,ぶらさげる
お休み,おやすみ
時分,じぶん
楕円,だえん
雛,ひよこ
憧れ,あこがれ
彼氏,かれし
集う,つどう
加担,かたん
手数,てすう
来春,らいはる
湿る,しめる
女人,にょにん
組み立て,くみたて
係長,かかりちょう
問い合わせ,といあわせ
子役,こやく
新鋭,しんえい
堀江,ほりえ
件,けん
新制,しんせい
保安,ほあん
若葉,わかば
段ボール,だんボール
土方,つちかた
急病,きゅうびょう
一重,ひとえ
飢饉,ききん
職種,しょくしゅ
尽力,じんりょく
点在,てんざい
,つく
舎,しゃ
年産,ねんさん
楽屋,がくや
奉行,ぶぎょう
獣,けもの
,ガン
書家,しょか
埋まる,うまる
哀れ,あわれ
人たち,ひとたち
,きゅうじん
紀行,きこう
繰り広げる,くりひろげる
続行,ぞっこう
仮名,かりな
血縁,けつえん
菜,な
別個,べっこ
自ら,おのずから
艦艇,かんてい
獲物,えもの
付着,ふちゃく
伝道,でんどう
朝夕,あさゆう
分岐,ぶんき
慌ただしい,あわただしい
品名,ひんめい
紀元,きげん
際立つ,きわだつ
全文,ぜんぶん
水たまり,みずたまり
水入らず,みずいらず
値下がり,ねさがり
私的,してき
丸み,まるみ
,ヤクザ
引率,いんそつ
,さす
宗家,そうけ
供える,そなえる
個展,こてん
人込み,ひとごみ
,にゅうせき
着地,ちゃくち
熱湯,ねっとう
,じす
,し
無邪気,むじゃき
国際法,こくさいほう
女医,じょい
,かた
渋い,しぶい
思い出話,おもいでばなし
分化,ぶんか
添える,そえる
充電,じゅうでん
電撃,でんげき
刃物,はもの
籍,せき
年数,ねんすう
,かさ
仰ぐ,あおぐ
仮想,かそう
諮る,はかる
補正予算,ほせいよさん
都庁,とちょう
師範,しはん
密輸,みつゆ
学費,がくひ
独断,どくだん
案の定,あんのじょう
奪取,だっしゅ
妃,ひ
和尚,おしょう
,まるまる
千生,せんなり
震源,しんげん
遅延,ちえん
古文書,こもんじょ
勧める,すすめる
所々,ところどころ
利便,りべん
,はなわ
糖,とう
病状,びょうじょう
慈善,じぜん
寝坊,ねぼう
麻布,まふ
打線,だせん
海辺,うみべ
絹糸,けんし
添付,てんぷ
嗅ぐ,かぐ
縄文,じょうもん
越し,ごし
平年,へいねん
密着,みっちゃく
漫才,まんざい
研磨,けんま
唆す,そそのかす
勤まる,つとまる
隣り合う,となりあう
舟歌,ふなうた
交歓,こうかん
接ぎ木,つぎき
統べる,すべる
欄干,らんかん
縫い目,ぬいめ
蚕,かいこ
芳しい,かんばしい
更ける,ふける
捕らわれる,とらわれる
桁違い,けたちがい
闇夜,やみよ
恥辱,ちじょく
小銭,こぜに
懇ろ,ねんごろ
和,わ
畿内,きない
焼き芋,やきいも
頂き物,いただきもの
呼び鈴,よびりん
薪,たきぎ
寡婦,かふ
謡,うたい
,やっつける
脳梗塞,のうこうそく
眩しい,まぶしい
競り合う,せりあう
容態,ようだい
花盛り,はなざかり
背比べ,せくらべ
負け惜しみ,まけおしみ
物忘れ,ものわすれ
捕り物,とりもの
憩う,いこう
揺さぶる,ゆさぶる
口笛,くちぶえ
明くる日,あくるひ
侍医,じい
やぶ蚊,やぶか
升目,ますめ
小舟,こぶね
快活,かいかつ
剝がす,はがす
澄ます,すます
釣堀,つりぼり
命乞い,いのちごい
月賦,げっぷ
裁つ,たつ
二日酔い,ふつかよい
延べる,のべる
高尚,こうしょう
渋,しぶ
死骸,しがい
空き巣,あきす
一滴,いってき
今更,いまさら
貝殻,かいがら
敵,かたき
釣り合い,つりあい
酢の物,すのもの
お節料理,おせちりょうり
背伸び,せのび
横柄,おうへい
覚醒,かくせい
,アジ
瞬く,またたく
究める,きわめる
蚊帳,かや
遡及,そきゅう
恥じらい,はじらい
詰み,つみ
駆り立てる,かりたてる
殊の外,ことのほか
畏怖,いふ
絵描き,えかき
舌足らず,したたらず
併せて,あわせて
擦れる,すれる
疎密,そみつ
坊ちゃん,ぼっちゃん
馬鹿馬鹿しい,ばかばかしい
夜更け,よふけ
遵法,じゅんぽう
躍る,おどる
ふて腐れる,ふてくされる
沸き上がる,わきあがる
但し書き,ただしがき
壱万円,いちまんえん
雌犬,めすいぬ
綻びる,ほころびる
産毛,うぶげ
溜まり,たまり
旧跡,きゅうせき
珠算,しゅざん
肥やす,こやす
剝ぐ,はぐ
濁り,にごり
温い,ぬるい
渡し舟,わたしぶね
阻害,そがい
潤う,うるおう
輪郭,りんかく
苛々,いらいら
納まり,おさまり
瓶詰,びんづめ
毀損,きそん
漬かる,つかる
敷石,しきいし
剝がれる,はがれる
行き詰まる,いきづまる
真昼,まひる
揉む,もむ
拭く,ふく
謙る,へりくだる
妬む,ねたむ
尻込み,しりごみ
肉薄,にくはく
真髄,しんずい
裁き,さばき
立ち話,たちばなし
寛大,かんだい
湧出,ゆうしゅつ
,クズ
肥やし,こやし
折り畳み,おりたたみ
詰る,なじる
王侯,おうこう
煎る,いる
清々しい,すがすがしい
遵守,じゅんしゅ
肘掛け,ひじかけ
発憤,はっぷん
類推,るいすい
吐く,はく
,たち
双葉,ふたば
今時,いまどき
体型,たいけい
想,そう
暴落,ぼうらく
定規,じょうぎ
気合,きあい
願,がん
,よほど
見逃す,みのがす
,かに
,アヒル
,ついに
代わり,がわり
替え,かえ
川端,かわばた
英知,えいち
手遅れ,ておくれ
気兼ね,きがね
,くれぐれも
,ド
士気,しき
,よこす
,めまい
希少,きしょう
お使い,おつかい
波乱,はらん
図々しい,ずうずうしい
思惑,おもわく
幼なじみ,おさななじみ
差し支え,さしつかえ
振り返る,ふりかえる
札,ふだ
災い,わざわい
鯨,くじら
渓谷,けいこく
,クラゲ
嬢,じょう
,ボーカル
強み,つよみ
見積もり,みつもり
届け,とどけ
,ぼたん
,やかん
長屋,ながや
早乙女,さおとめ
,くっつく
乗り換え,のりかえ
お手上げ,おてあげ
,おめでとうございます
積立,つみたて
岬,みさき
乱用,らんよう
気掛かり,きがかり
,ごらんください
餓死,がし
,おまわり
名乗り,なのり
度合い,どあい
止める,とどめる
,しにくい
,くっつける
,しょうが
餃子,ぎょーざ
,うまく
,ひのき
我,われ
後片付け,あとかたづけ
,ねじ
,エビ
打ち合わせ,うちあわせ
称賛,しょうさん
,ろうそく
目の当たり,まのあたり
鞍,くら
歯切れ,はぎれ
,ばかやろう
,りょひ
凝る,こる
,すくなからず
飢え,うえ
,アイ
,よち
,レクリエーション
,すがお
,しいれ
死期,しき
,はと
,ひこう
,しせつ
,やきにく
,たうえ
,だいたい
,うさぎ
,ききょう
手痛い,ていたい
数寄,すき
百科事典,ひゃっかじてん
六,リュー
呼びかける,よびかける
